"Date","Close"
"2005-07-05","27377.55"
"2005-07-06","27781.35"
"2005-07-07","27689.50"
"2005-07-08","27842.43"
"2005-07-11","27808.07"
"2005-07-12","27689.24"
"2005-07-13","28061.92"
"2005-07-14","28500.87"
"2005-07-15","28427.27"
"2005-07-18","28402.65"
"2005-07-19","28675.40"
"2005-07-20","28713.45"
"2005-07-21","28992.13"
"2005-07-22","29188.09"
"2005-07-25","29273.25"
"2005-07-26","28730.69"
"2005-07-27","29164.82"
"2005-07-28","29343.03"
"2005-07-29","29615.29"
"2005-08-01","29776.69"
"2005-08-02","29543.48"
"2005-08-03","29727.05"
"2005-08-04","30123.59"
"2005-08-05","29945.44"
"2005-08-08","29924.83"
"2005-08-09","29701.00"
"2005-08-10","29683.21"
"2005-08-11","29111.84"
"2005-08-12","28175.93"
"2005-08-15","28074.94"
"2005-08-16","28257.65"
"2005-08-17","27906.28"
"2005-08-18","28000.00"
"2005-08-19","28456.86"
"2005-08-22","28951.44"
"2005-08-23","29191.60"
"2005-08-24","29372.23"
"2005-08-25","29814.17"
"2005-08-26","30020.40"
"2005-08-29","30015.12"
"2005-08-31","30908.02"
"2005-09-01","31947.95"
"2005-09-02","31701.62"
"2005-09-05","31879.45"
"2005-09-06","31832.50"
"2005-09-07","31385.01"
"2005-09-08","31485.39"
"2005-09-09","32202.66"
"2005-09-12","32711.13"
"2005-09-13","32541.11"
"2005-09-14","32632.44"
"2005-09-15","33271.11"
"2005-09-16","33294.26"
"2005-09-19","33221.15"
"2005-09-20","33719.30"
"2005-09-21","33863.82"
"2005-09-22","33465.61"
"2005-09-23","33250.45"
"2005-09-26","33516.04"
"2005-09-27","33319.18"
"2005-09-28","32744.95"
"2005-09-29","33396.23"
"2005-09-30","33333.23"
"2005-10-03","34300.90"
"2005-10-04","35624.79"
"2005-10-05","34775.67"
"2005-10-06","33510.39"
"2005-10-07","33413.61"
"2005-10-10","33505.96"
"2005-10-11","34040.21"
"2005-10-12","33118.44"
"2005-10-13","32054.34"
"2005-10-14","31440.03"
"2005-10-17","31850.68"
"2005-10-18","31586.83"
"2005-10-19","30766.71"
"2005-10-20","31403.90"
"2005-10-21","31428.62"
"2005-10-24","31845.70"
"2005-10-25","31669.96"
"2005-10-26","31474.44"
"2005-10-27","31273.31"
"2005-10-28","31038.52"
"2005-10-31","31963.99"
"2005-11-01","32791.99"
"2005-11-02","33152.10"
"2005-11-07","33830.10"
"2005-11-08","33749.43"
"2005-11-09","33848.29"
"2005-11-10","34709.65"
"2005-11-11","34096.32"
"2005-11-14","34171.51"
"2005-11-15","34324.04"
"2005-11-16","34866.57"
"2005-11-17","35127.34"
"2005-11-18","35314.31"
"2005-11-21","35654.99"
"2005-11-22","35254.14"
"2005-11-23","36179.29"
"2005-11-24","36907.79"
"2005-11-25","36759.89"
"2005-11-28","36621.47"
"2005-11-29","37495.22"
"2005-11-30","38088.65"
"2005-12-01","38296.91"
"2005-12-02","38573.71"
"2005-12-05","39130.73"
"2005-12-06","38917.82"
"2005-12-07","38441.59"
"2005-12-08","38587.77"
"2005-12-09","37496.18"
"2005-12-12","38202.19"
"2005-12-13","37741.70"
"2005-12-14","37870.57"
"2005-12-15","37631.57"
"2005-12-16","37716.70"
"2005-12-19","37960.13"
"2005-12-20","37729.42"
"2005-12-21","38210.24"
"2005-12-22","38353.12"
"2005-12-23","38919.51"
"2005-12-26","39139.08"
"2005-12-27","39015.86"
"2005-12-28","39220.17"
"2005-12-29","39837.27"
"2005-12-30","39777.70"
"2006-01-02","39790.72"
"2006-01-03","40665.44"
"2006-01-04","41362.47"
"2006-01-05","41722.40"
"2006-01-06","41905.41"
"2006-01-16","43628.83"
"2006-01-17","44076.91"
"2006-01-18","42622.90"
"2006-01-19","43645.23"
"2006-01-20","44465.68"
"2006-01-23","43851.42"
"2006-01-24","44434.54"
"2006-01-25","45746.17"
"2006-01-26","45784.09"
"2006-01-27","45315.15"
"2006-01-30","44891.25"
"2006-01-31","44590.22"
"2006-02-01","45250.66"
"2006-02-02","44841.03"
"2006-02-03","44228.02"
"2006-02-06","44855.61"
"2006-02-07","44652.96"
"2006-02-08","43842.68"
"2006-02-09","44117.47"
"2006-02-10","44772.93"
"2006-02-13","44046.29"
"2006-02-14","43507.51"
"2006-02-15","43803.98"
"2006-02-16","45361.34"
"2006-02-17","46244.32"
"2006-02-20","46689.01"
"2006-02-21","46710.93"
"2006-02-22","46265.39"
"2006-02-23","46553.57"
"2006-02-24","46838.10"
"2006-02-27","47728.50"
"2006-02-28","47015.88"
"2006-03-01","47492.97"
"2006-03-02","46890.80"
"2006-03-03","46366.23"
"2006-03-06","45997.07"
"2006-03-07","43889.75"
"2006-03-08","42340.43"
"2006-03-09","42863.37"
"2006-03-10","42521.94"
"2006-03-13","44345.95"
"2006-03-14","42906.72"
"2006-03-15","43236.71"
"2006-03-16","44051.34"
"2006-03-17","44688.12"
"2006-03-20","44426.27"
"2006-03-21","44399.44"
"2006-03-22","44328.80"
"2006-03-23","44531.22"
"2006-03-24","43273.94"
"2006-03-27","42710.46"
"2006-03-28","41742.09"
"2006-03-29","42507.02"
"2006-03-30","42941.70"
"2006-03-31","42911.32"
"2006-04-03","44028.40"
"2006-04-04","44070.94"
"2006-04-05","44088.59"
"2006-04-06","43710.59"
"2006-04-07","44284.17"
"2006-04-10","43099.34"
"2006-04-11","42890.29"
"2006-04-12","42505.02"
"2006-04-13","41919.25"
"2006-04-14","42212.03"
"2006-04-17","41860.66"
"2006-04-18","42864.85"
"2006-04-19","43732.47"
"2006-04-20","43872.79"
"2006-04-21","45075.89"
"2006-04-24","45278.39"
"2006-04-25","45352.51"
"2006-04-26","44745.54"
"2006-04-27","43752.02"
"2006-04-28","43880.43"
"2006-05-01","44030.35"
"2006-05-02","44413.62"
"2006-05-03","44647.82"
"2006-05-04","44251.44"
"2006-05-05","44212.76"
"2006-05-08","44712.89"
"2006-05-09","44563.26"
"2006-05-10","43598.99"
"2006-05-11","43713.19"
"2006-05-12","41970.80"
"2006-05-15","40268.68"
"2006-05-16","41044.06"
"2006-05-17","40439.24"
"2006-05-18","39643.68"
"2006-05-22","36351.06"
"2006-05-23","37235.49"
"2006-05-24","36100.70"
"2006-05-25","36730.24"
"2006-05-26","38593.47"
"2006-05-29","38908.60"
"2006-05-30","37860.80"
"2006-05-31","38132.21"
"2006-06-01","38395.24"
"2006-06-02","39285.80"
"2006-06-05","37964.03"
"2006-06-06","37464.43"
"2006-06-07","36709.55"
"2006-06-08","35338.66"
"2006-06-09","34802.58"
"2006-06-12","34330.32"
"2006-06-13","32384.42"
"2006-06-14","32899.74"
"2006-06-15","33627.40"
"2006-06-16","34048.04"
"2006-06-19","34807.73"
"2006-06-20","34601.40"
"2006-06-21","33762.00"
"2006-06-22","34228.99"
"2006-06-23","33132.30"
"2006-06-26","31950.56"
"2006-06-27","32470.42"
"2006-06-28","33207.10"
"2006-06-29","34031.08"
"2006-06-30","35453.31"
"2006-07-03","35456.47"
"2006-07-04","36481.23"
"2006-07-05","35385.02"
"2006-07-06","35698.74"
"2006-07-07","36202.23"
"2006-07-10","36148.39"
"2006-07-11","35955.80"
"2006-07-12","35815.54"
"2006-07-13","35010.46"
"2006-07-14","33831.69"
"2006-07-17","32702.89"
"2006-07-18","33617.96"
"2006-07-19","33554.41"
"2006-07-20","35311.04"
"2006-07-21","34988.80"
"2006-07-24","34959.03"
"2006-07-25","35264.40"
"2006-07-26","35984.53"
"2006-07-27","36747.28"
"2006-07-28","36101.89"
"2006-07-31","36067.92"
"2006-08-01","35742.75"
"2006-08-02","35721.64"
"2006-08-03","35262.86"
"2006-08-04","36159.61"
"2006-08-07","35967.54"
"2006-08-08","36535.75"
"2006-08-09","37563.33"
"2006-08-10","37389.25"
"2006-08-11","37418.11"
"2006-08-14","37631.07"
"2006-08-15","37806.51"
"2006-08-16","38433.41"
"2006-08-17","37885.28"
"2006-08-18","37384.79"
"2006-08-21","37164.93"
"2006-08-22","37130.81"
"2006-08-23","37121.81"
"2006-08-24","36651.38"
"2006-08-25","36861.66"
"2006-08-28","36686.71"
"2006-08-29","36897.20"
"2006-08-31","37285.94"
"2006-09-01","37414.94"
"2006-09-04","38139.07"
"2006-09-05","38180.02"
"2006-09-06","37689.67"
"2006-09-07","37457.04"
"2006-09-08","37371.99"
"2006-09-11","37172.63"
"2006-09-12","37624.54"
"2006-09-13","37774.59"
"2006-09-14","37478.65"
"2006-09-15","38143.91"
"2006-09-18","38245.87"
"2006-09-19","38345.10"
"2006-09-20","38275.02"
"2006-09-21","37790.82"
"2006-09-22","36390.01"
"2006-09-25","36084.24"
"2006-09-26","36432.37"
"2006-09-27","36818.73"
"2006-09-28","37268.21"
"2006-09-29","36924.86"
"2006-10-02","36983.89"
"2006-10-03","36830.44"
"2006-10-04","36389.72"
"2006-10-05","36917.37"
"2006-10-06","36737.62"
"2006-10-09","36885.89"
"2006-10-10","37449.23"
"2006-10-11","37660.37"
"2006-10-12","38316.92"
"2006-10-13","38486.09"
"2006-10-16","38997.95"
"2006-10-17","38456.75"
"2006-10-18","39743.83"
"2006-10-19","39823.94"
"2006-10-20","39643.76"
"2006-10-26","40591.06"
"2006-10-27","40683.25"
"2006-10-30","40081.41"
"2006-10-31","40582.25"
"2006-11-01","40601.72"
"2006-11-02","39504.05"
"2006-11-03","39307.05"
"2006-11-06","39675.85"
"2006-11-07","40163.70"
"2006-11-08","39736.73"
"2006-11-09","39890.93"
"2006-11-10","39627.18"
"2006-11-13","39030.30"
"2006-11-14","39655.14"
"2006-11-15","39654.14"
"2006-11-16","39268.13"
"2006-11-17","38432.80"
"2006-11-20","38346.57"
"2006-11-21","38501.10"
"2006-11-22","37733.58"
"2006-11-23","38077.05"
"2006-11-24","37582.13"
"2006-11-27","38238.57"
"2006-11-28","37183.79"
"2006-11-29","38066.89"
"2006-11-30","38168.53"
"2006-12-01","38196.52"
"2006-12-04","37654.69"
"2006-12-05","38163.03"
"2006-12-06","38184.76"
"2006-12-07","39857.75"
"2006-12-08","39320.47"
"2006-12-11","39461.94"
"2006-12-12","39213.02"
"2006-12-13","38874.90"
"2006-12-14","39595.38"
"2006-12-15","40204.80"
"2006-12-18","39832.52"
"2006-12-19","39071.10"
"2006-12-20","38996.68"
"2006-12-21","39082.95"
"2006-12-22","39180.20"
"2006-12-25","38705.39"
"2006-12-26","38766.55"
"2006-12-27","38610.57"
"2006-12-28","39138.18"
"2006-12-29","39117.46"
"2007-01-04","39006.27"
"2007-01-05","38435.15"
"2007-01-08","37832.05"
"2007-01-09","37083.09"
"2007-01-10","36629.89"
"2007-01-11","37640.38"
"2007-01-12","38138.21"
"2007-01-15","39042.95"
"2007-01-16","38888.47"
"2007-01-17","39218.09"
"2007-01-18","40256.29"
"2007-01-19","40201.14"
"2007-01-22","41246.95"
"2007-01-23","41250.09"
"2007-01-24","42035.52"
"2007-01-25","42122.68"
"2007-01-26","41846.38"
"2007-01-29","41397.38"
"2007-01-30","41357.49"
"2007-01-31","41182.55"
"2007-02-01","42301.96"
"2007-02-02","43112.53"
"2007-02-05","42700.51"
"2007-02-06","42501.42"
"2007-02-07","42099.02"
"2007-02-08","41645.21"
"2007-02-09","42185.46"
"2007-02-12","42025.89"
"2007-02-13","42551.57"
"2007-02-14","43256.30"
"2007-02-15","43813.73"
"2007-02-16","43636.19"
"2007-02-19","44252.94"
"2007-02-20","44061.48"
"2007-02-21","42888.58"
"2007-02-22","43829.12"
"2007-02-23","43591.72"
"2007-02-26","43736.78"
"2007-02-27","41773.98"
"2007-02-28","41430.99"
"2007-03-01","39588.24"
"2007-03-02","40550.34"
"2007-03-05","39729.40"
"2007-03-06","40230.78"
"2007-03-07","40406.51"
"2007-03-08","41406.85"
"2007-03-09","42056.32"
"2007-03-12","41978.34"
"2007-03-13","41665.97"
"2007-03-14","40501.85"
"2007-03-15","41195.20"
"2007-03-16","41819.84"
"2007-03-19","41922.21"
"2007-03-20","41817.66"
"2007-03-21","42419.39"
"2007-03-22","43239.83"
"2007-03-23","43408.71"
"2007-03-26","43263.64"
"2007-03-27","43097.10"
"2007-03-28","43079.51"
"2007-03-29","43666.17"
"2007-03-30","43661.12"
"2007-04-02","43542.20"
"2007-04-03","44309.25"
"2007-04-04","44660.68"
"2007-04-05","45714.06"
"2007-04-06","45845.24"
"2007-04-09","45889.23"
"2007-04-10","45339.77"
"2007-04-11","46105.80"
"2007-04-12","45566.09"
"2007-04-13","46044.18"
"2007-04-16","46697.07"
"2007-04-17","46621.49"
"2007-04-18","45634.02"
"2007-04-19","46308.10"
"2007-04-20","47355.82"
"2007-04-24","47014.90"
"2007-04-25","48032.72"
"2007-04-26","47826.05"
"2007-04-27","46861.31"
"2007-04-30","44984.45"
"2007-05-01","43529.49"
"2007-05-02","44256.13"
"2007-05-03","45077.67"
"2007-05-04","44818.05"
"2007-05-07","44681.09"
"2007-05-08","44707.31"
"2007-05-09","45102.68"
"2007-05-10","45055.57"
"2007-05-11","44820.76"
"2007-05-14","45142.17"
"2007-05-15","44897.67"
"2007-05-16","45539.69"
"2007-05-17","45860.04"
"2007-05-18","46073.29"
"2007-05-21","46209.06"
"2007-05-22","46369.23"
"2007-05-23","46424.71"
"2007-05-24","46237.07"
"2007-05-25","46194.27"
"2007-05-28","46927.81"
"2007-05-29","47003.04"
"2007-05-30","46274.69"
"2007-05-31","47081.49"
"2007-06-01","46490.14"
"2007-06-04","46111.14"
"2007-06-05","46451.60"
"2007-06-06","45861.01"
"2007-06-07","44843.86"
"2007-06-08","44332.44"
"2007-06-11","44893.70"
"2007-06-12","44371.97"
"2007-06-13","44629.52"
"2007-06-14","44675.54"
"2007-06-15","45971.80"
"2007-06-18","46367.59"
"2007-06-19","46231.77"
"2007-06-20","46251.18"
"2007-06-21","45952.39"
"2007-06-22","45705.10"
"2007-06-25","45417.05"
"2007-06-26","46010.13"
"2007-06-27","45161.75"
"2007-06-28","46181.38"
"2007-06-29","47093.67"
"2007-07-02","47730.53"
"2007-07-03","48680.30"
"2007-07-04","49476.29"
"2007-07-05","49850.05"
"2007-07-06","49895.33"
"2007-07-09","51281.85"
"2007-07-10","50557.62"
"2007-07-11","50055.54"
"2007-07-12","52005.80"
"2007-07-13","52086.68"
"2007-07-16","51774.43"
"2007-07-17","51643.83"
"2007-07-18","51111.99"
"2007-07-19","53325.29"
"2007-07-20","52935.75"
"2007-07-23","55625.44"
"2007-07-24","54930.74"
"2007-07-25","54831.94"
"2007-07-26","52512.38"
"2007-07-27","51561.91"
"2007-07-30","51459.22"
"2007-07-31","52824.89"
"2007-08-01","51299.30"
"2007-08-02","51393.57"
"2007-08-03","50716.44"
"2007-08-06","50429.89"
"2007-08-07","50708.22"
"2007-08-08","52070.55"
"2007-08-09","49974.83"
"2007-08-10","49186.43"
"2007-08-13","50272.52"
"2007-08-14","49880.90"
"2007-08-15","47714.12"
"2007-08-16","44473.30"
"2007-08-17","46576.86"
"2007-08-20","46148.81"
"2007-08-21","45264.96"
"2007-08-22","46881.96"
"2007-08-23","47388.60"
"2007-08-24","46823.97"
"2007-08-27","47914.42"
"2007-08-28","47750.68"
"2007-08-29","48082.17"
"2007-08-31","50198.60"
"2007-09-03","49936.94"
"2007-09-04","50032.59"
"2007-09-05","49421.38"
"2007-09-06","49601.39"
"2007-09-07","49050.42"
"2007-09-10","48548.93"
"2007-09-11","49296.18"
"2007-09-12","49233.05"
"2007-09-13","49680.51"
"2007-09-14","50620.91"
"2007-09-17","50536.54"
"2007-09-18","50500.93"
"2007-09-19","53884.08"
"2007-09-20","53543.06"
"2007-09-21","53882.14"
"2007-09-24","53580.70"
"2007-09-25","52893.18"
"2007-09-26","54245.83"
"2007-09-27","54390.20"
"2007-09-28","54044.22"
"2007-10-01","54198.04"
"2007-10-02","54733.30"
"2007-10-03","54164.90"
"2007-10-04","54915.90"
"2007-10-05","56792.97"
"2007-10-08","56279.09"
"2007-10-09","57910.57"
"2007-10-10","57418.04"
"2007-10-11","58053.40"
"2007-10-15","58231.90"
"2007-10-16","57185.37"
"2007-10-17","57931.92"
"2007-10-18","56268.18"
"2007-10-19","55486.84"
"2007-10-22","53969.78"
"2007-10-23","55752.22"
"2007-10-24","55638.88"
"2007-10-25","55728.60"
"2007-10-26","56446.59"
"2007-10-30","56774.27"
"2007-10-31","57615.72"
"2007-11-01","57371.31"
"2007-11-02","56855.06"
"2007-11-05","56064.31"
"2007-11-06","56905.99"
"2007-11-07","56076.44"
"2007-11-08","55160.75"
"2007-11-09","53689.08"
"2007-11-12","54084.03"
"2007-11-13","54719.01"
"2007-11-14","55664.90"
"2007-11-15","54743.01"
"2007-11-16","54304.47"
"2007-11-19","53262.90"
"2007-11-20","53577.76"
"2007-11-21","52615.59"
"2007-11-22","52199.33"
"2007-11-23","52331.29"
"2007-11-26","52682.48"
"2007-11-27","51452.32"
"2007-11-28","53202.82"
"2007-11-29","53181.19"
"2007-11-30","54213.82"
"2007-12-03","54320.04"
"2007-12-04","54013.30"
"2007-12-05","55521.18"
"2007-12-06","56186.89"
"2007-12-07","56490.57"
"2007-12-10","56518.62"
"2007-12-11","56271.27"
"2007-12-12","56766.22"
"2007-12-13","55239.00"
"2007-12-14","54911.71"
"2007-12-17","53603.43"
"2007-12-18","54223.58"
"2007-12-19","53847.36"
"2007-12-24","55510.46"
"2007-12-25","55380.65"
"2007-12-26","55373.17"
"2007-12-27","55233.00"
"2007-12-28","55698.42"
"2007-12-31","55538.13"
"2008-01-02","54708.42"
"2008-01-03","53541.27"
"2008-01-04","52529.88"
"2008-01-07","52569.54"
"2008-01-08","53235.93"
"2008-01-09","52730.72"
"2008-01-10","52351.01"
"2008-01-11","51920.59"
"2008-01-14","51480.89"
"2008-01-15","50377.34"
"2008-01-16","49093.83"
"2008-01-17","48902.75"
"2008-01-18","48657.46"
"2008-01-21","45544.08"
"2008-01-22","44593.71"
"2008-01-23","42539.49"
"2008-01-24","45010.73"
"2008-01-25","45497.24"
"2008-01-28","43706.68"
"2008-01-29","44572.70"
"2008-01-30","44304.44"
"2008-01-31","42697.56"
"2008-02-01","44452.08"
"2008-02-04","45719.91"
"2008-02-05","44350.78"
"2008-02-06","43317.49"
"2008-02-07","41866.42"
"2008-02-08","41957.86"
"2008-02-11","41342.84"
"2008-02-12","43539.85"
"2008-02-13","44752.46"
"2008-02-14","45493.66"
"2008-02-15","44305.27"
"2008-02-18","45741.67"
"2008-02-19","46249.27"
"2008-02-20","45876.74"
"2008-02-21","46446.64"
"2008-02-22","45592.48"
"2008-02-25","44894.96"
"2008-02-26","45524.52"
"2008-02-27","46260.30"
"2008-02-28","45823.30"
"2008-02-29","44776.88"
"2008-03-03","43343.59"
"2008-03-04","42923.03"
"2008-03-05","43468.03"
"2008-03-06","42523.85"
"2008-03-07","41537.22"
"2008-03-10","41534.89"
"2008-03-11","43318.03"
"2008-03-12","44248.15"
"2008-03-13","42421.93"
"2008-03-14","42585.91"
"2008-03-17","39409.41"
"2008-03-18","40720.27"
"2008-03-19","40907.00"
"2008-03-20","39847.79"
"2008-03-21","39719.08"
"2008-03-24","41143.60"
"2008-03-25","40992.42"
"2008-03-26","40658.47"
"2008-03-27","40634.89"
"2008-03-28","39501.17"
"2008-03-31","39015.44"
"2008-04-01","40674.17"
"2008-04-02","40985.20"
"2008-04-03","40160.13"
"2008-04-04","41362.71"
"2008-04-07","42277.15"
"2008-04-08","42170.18"
"2008-04-09","42900.49"
"2008-04-10","42096.46"
"2008-04-11","41980.11"
"2008-04-14","41747.30"
"2008-04-15","41584.13"
"2008-04-16","41555.97"
"2008-04-17","41601.82"
"2008-04-18","42641.06"
"2008-04-21","43065.24"
"2008-04-22","42827.71"
"2008-04-24","43190.25"
"2008-04-25","43593.80"
"2008-04-28","43613.96"
"2008-04-29","43054.48"
"2008-04-30","43468.12"
"2008-05-01","42664.37"
"2008-05-02","43425.85"
"2008-05-05","43457.86"
"2008-05-06","42896.17"
"2008-05-07","43272.46"
"2008-05-08","42310.37"
"2008-05-09","42034.70"
"2008-05-12","41638.52"
"2008-05-13","41831.11"
"2008-05-14","42522.74"
"2008-05-15","42624.17"
"2008-05-16","42498.82"
"2008-05-20","41296.50"
"2008-05-21","41011.25"
"2008-05-22","40752.45"
"2008-05-23","39960.99"
"2008-05-26","39439.35"
"2008-05-27","40189.29"
"2008-05-28","39384.87"
"2008-05-29","39086.47"
"2008-05-30","39969.63"
"2008-06-02","40121.15"
"2008-06-03","40451.73"
"2008-06-04","39832.10"
"2008-06-05","40463.96"
"2008-06-06","39645.54"
"2008-06-09","39061.71"
"2008-06-10","38655.10"
"2008-06-11","38238.42"
"2008-06-12","38593.64"
"2008-06-13","38295.72"
"2008-06-16","38465.62"
"2008-06-17","38724.11"
"2008-06-18","38136.78"
"2008-06-19","38006.96"
"2008-06-20","37912.85"
"2008-06-23","37583.67"
"2008-06-24","37275.87"
"2008-06-25","37572.64"
"2008-06-26","36578.95"
"2008-06-27","35829.40"
"2008-06-30","35089.53"
"2008-07-01","33208.24"
"2008-07-02","33566.40"
"2008-07-03","33919.76"
"2008-07-04","34300.37"
"2008-07-07","35010.04"
"2008-07-08","34894.68"
"2008-07-09","35603.27"
"2008-07-10","35574.64"
"2008-07-11","35006.46"
"2008-07-14","35826.27"
"2008-07-15","35254.97"
"2008-07-16","36374.36"
"2008-07-17","37695.26"
"2008-07-18","37946.57"
"2008-07-21","38703.75"
"2008-07-22","37616.17"
"2008-07-23","38555.56"
"2008-07-24","38944.38"
"2008-07-25","37556.95"
"2008-07-28","38120.94"
"2008-07-29","39153.74"
"2008-07-30","41342.30"
"2008-07-31","42200.75"
"2008-08-01","42984.66"
"2008-08-04","43259.37"
"2008-08-05","42237.75"
"2008-08-06","42075.85"
"2008-08-07","41627.66"
"2008-08-08","40949.91"
"2008-08-11","41733.27"
"2008-08-12","41461.84"
"2008-08-13","41253.85"
"2008-08-14","41710.52"
"2008-08-15","42194.42"
"2008-08-18","41946.90"
"2008-08-19","40488.11"
"2008-08-20","39801.35"
"2008-08-21","39569.58"
"2008-08-22","40894.27"
"2008-08-25","40691.50"
"2008-08-26","40097.46"
"2008-08-27","39576.03"
"2008-08-28","40149.97"
"2008-08-29","39844.48"
"2008-09-01","39456.77"
"2008-09-02","40437.07"
"2008-09-03","40328.52"
"2008-09-04","39556.37"
"2008-09-05","39115.63"
"2008-09-08","40517.08"
"2008-09-09","40124.57"
"2008-09-10","39294.96"
"2008-09-11","37388.13"
"2008-09-12","37033.87"
"2008-09-15","35081.44"
"2008-09-16","33736.35"
"2008-09-17","32727.57"
"2008-09-18","32216.43"
"2008-09-19","36370.16"
"2008-09-22","36183.62"
"2008-09-23","35454.17"
"2008-09-24","35177.11"
"2008-09-25","36361.84"
"2008-09-26","36556.61"
"2008-09-29","36051.30"
"2008-10-03","34553.00"
"2008-10-06","31574.74"
"2008-10-07","31561.87"
"2008-10-08","30772.63"
"2008-10-09","30878.71"
"2008-10-10","28495.93"
"2008-10-13","28961.94"
"2008-10-14","30536.15"
"2008-10-15","29443.71"
"2008-10-16","27600.71"
"2008-10-17","25870.17"
"2008-10-20","26763.55"
"2008-10-21","26723.30"
"2008-10-22","25624.27"
"2008-10-23","25040.81"
"2008-10-24","24176.68"
"2008-10-27","24336.73"
"2008-10-28","24895.16"
"2008-10-30","26733.49"
"2008-10-31","27832.93"
"2008-11-03","27987.65"
"2008-11-04","29343.35"
"2008-11-05","27855.92"
"2008-11-06","27373.73"
"2008-11-07","26648.17"
"2008-11-10","26797.90"
"2008-11-11","25889.18"
"2008-11-12","25342.50"
"2008-11-13","25099.98"
"2008-11-14","25425.26"
"2008-11-17","24046.50"
"2008-11-18","23495.05"
"2008-11-19","21929.27"
"2008-11-20","21228.27"
"2008-11-21","21965.96"
"2008-11-24","24137.02"
"2008-11-25","24424.59"
"2008-11-26","24408.58"
"2008-11-27","25383.43"
"2008-11-28","25714.98"
"2008-12-01","24331.78"
"2008-12-02","24425.48"
"2008-12-03","23936.73"
"2008-12-04","24670.97"
"2008-12-05","24034.70"
"2008-12-12","24936.93"
"2008-12-15","25598.47"
"2008-12-16","26395.82"
"2008-12-17","26765.07"
"2008-12-18","26395.50"
"2008-12-19","26205.40"
"2008-12-22","26199.00"
"2008-12-23","26294.15"
"2008-12-24","26054.96"
"2008-12-25","26059.14"
"2008-12-26","26498.96"
"2008-12-29","26423.64"
"2008-12-30","26411.09"
"2008-12-31","26864.07"
"2009-01-02","27005.63"
"2009-01-05","27988.65"
"2009-01-06","28709.41"
"2009-01-07","27892.65"
"2009-01-08","26210.37"
"2009-01-09","26470.08"
"2009-01-12","25708.56"
"2009-01-13","26108.72"
"2009-01-14","25055.71"
"2009-01-15","25072.30"
"2009-01-16","25630.96"
"2009-01-19","25055.88"
"2009-01-20","24714.74"
"2009-01-21","24736.12"
"2009-01-22","24641.93"
"2009-01-23","24781.83"
"2009-01-26","25970.00"
"2009-01-27","25798.26"
"2009-01-28","26705.62"
"2009-01-29","26162.99"
"2009-01-30","25934.37"
"2009-02-02","25270.81"
"2009-02-03","25659.90"
"2009-02-04","26141.06"
"2009-02-05","25774.21"
"2009-02-06","26735.21"
"2009-02-09","27040.47"
"2009-02-10","25966.12"
"2009-02-11","25398.42"
"2009-02-12","25023.08"
"2009-02-13","25199.53"
"2009-02-16","24911.52"
"2009-02-17","23907.55"
"2009-02-18","23844.72"
"2009-02-19","24439.91"
"2009-02-20","23579.48"
"2009-02-23","23991.03"
"2009-02-24","24032.46"
"2009-02-25","24152.34"
"2009-02-26","24168.57"
"2009-02-27","24026.59"
"2009-03-02","23699.93"
"2009-03-03","23751.96"
"2009-03-04","23940.66"
"2009-03-05","23035.95"
"2009-03-06","23220.02"
"2009-03-09","23054.97"
"2009-03-10","23315.43"
"2009-03-11","23282.57"
"2009-03-12","23539.49"
"2009-03-13","23615.25"
"2009-03-16","23620.31"
"2009-03-17","23452.76"
"2009-03-18","23497.17"
"2009-03-19","23968.83"
"2009-03-20","24038.89"
"2009-03-23","24919.26"
"2009-03-24","25001.59"
"2009-03-25","25536.39"
"2009-03-26","25409.83"
"2009-03-27","25697.25"
"2009-03-30","25143.61"
"2009-03-31","25764.83"
"2009-04-01","25943.57"
"2009-04-02","26771.17"
"2009-04-03","26631.06"
"2009-04-06","26650.66"
"2009-04-07","26377.63"
"2009-04-08","27653.58"
"2009-04-09","28546.46"
"2009-04-10","28838.28"
"2009-04-13","28446.99"
"2009-04-14","28160.81"
"2009-04-15","28324.29"
"2009-04-16","29523.15"
"2009-04-17","29445.96"
"2009-04-20","28548.43"
"2009-04-21","28678.57"
"2009-04-22","28956.83"
"2009-04-24","29675.55"
"2009-04-27","29552.26"
"2009-04-28","29189.01"
"2009-04-29","30746.39"
"2009-04-30","31651.81"
"2009-05-04","32170.71"
"2009-05-05","33014.23"
"2009-05-06","33716.92"
"2009-05-07","32842.61"
"2009-05-08","32805.72"
"2009-05-11","32203.06"
"2009-05-12","33043.28"
"2009-05-13","32828.90"
"2009-05-14","33094.92"
"2009-05-15","33484.52"
"2009-05-18","33666.08"
"2009-05-20","35139.70"
"2009-05-21","34720.55"
"2009-05-22","35014.50"
"2009-05-25","35407.68"
"2009-05-26","34860.56"
"2009-05-27","35168.73"
"2009-05-28","35021.01"
"2009-05-29","35002.99"
"2009-06-01","36001.65"
"2009-06-02","35722.20"
"2009-06-03","34932.23"
"2009-06-04","34268.89"
"2009-06-05","34750.19"
"2009-06-08","33655.59"
"2009-06-09","33806.65"
"2009-06-10","34389.34"
"2009-06-11","34723.84"
"2009-06-12","34816.71"
"2009-06-15","34690.77"
"2009-06-16","34537.04"
"2009-06-17","34595.39"
"2009-06-18","35715.56"
"2009-06-19","35819.93"
"2009-06-22","35407.21"
"2009-06-23","34909.06"
"2009-06-24","35758.67"
"2009-06-25","36327.65"
"2009-06-26","36755.90"
"2009-06-29","36841.11"
"2009-06-30","36949.20"
"2009-07-01","37245.86"
"2009-07-02","37038.21"
"2009-07-03","36797.55"
"2009-07-06","36758.82"
"2009-07-07","37212.46"
"2009-07-08","37155.95"
"2009-07-09","36987.68"
"2009-07-10","36780.49"
"2009-07-13","37004.58"
"2009-07-14","36701.20"
"2009-07-15","37914.02"
"2009-07-16","38156.32"
"2009-07-17","37726.69"
"2009-07-20","38250.18"
"2009-07-21","38007.79"
"2009-07-22","38189.08"
"2009-07-23","38901.97"
"2009-07-24","39395.38"
"2009-07-27","39840.52"
"2009-07-28","40001.65"
"2009-07-29","40376.64"
"2009-07-30","42182.11"
"2009-07-31","42641.26"
"2009-08-03","44613.74"
"2009-08-04","44696.51"
"2009-08-05","43899.44"
"2009-08-06","43836.03"
"2009-08-07","44767.58"
"2009-08-10","44685.62"
"2009-08-11","43678.98"
"2009-08-12","43889.75"
"2009-08-13","44484.23"
"2009-08-14","44302.92"
"2009-08-17","44290.90"
"2009-08-18","44233.36"
"2009-08-19","45645.00"
"2009-08-20","46555.79"
"2009-08-21","47170.07"
"2009-08-24","47771.85"
"2009-08-25","48073.35"
"2009-08-26","46959.82"
"2009-08-27","47383.77"
"2009-08-28","47559.69"
"2009-08-31","46551.19"
"2009-09-01","46935.62"
"2009-09-02","45761.03"
"2009-09-03","46146.03"
"2009-09-04","45160.51"
"2009-09-07","45273.98"
"2009-09-08","44846.03"
"2009-09-09","44585.14"
"2009-09-10","44924.12"
"2009-09-11","46583.50"
"2009-09-14","46490.66"
"2009-09-15","45911.46"
"2009-09-16","46680.66"
"2009-09-17","46965.56"
"2009-09-18","47161.22"
"2009-09-23","47549.30"
"2009-09-24","47980.31"
"2009-09-25","47624.97"
"2009-09-28","47815.93"
"2009-09-29","48364.83"
"2009-09-30","47910.30"
"2009-10-01","47804.39"
"2009-10-02","46856.94"
"2009-10-05","47948.41"
"2009-10-06","49466.05"
"2009-10-07","49036.08"
"2009-10-08","49879.86"
"2009-10-09","50217.50"
"2009-10-12","51002.98"
"2009-10-13","50071.55"
"2009-10-14","51026.08"
"2009-10-15","51017.87"
"2009-10-16","49790.74"
"2009-10-19","50286.89"
"2009-10-20","51050.87"
"2009-10-21","51295.19"
"2009-10-22","51016.84"
"2009-10-23","51380.65"
"2009-10-26","51230.09"
"2009-10-27","50400.57"
"2009-10-28","48906.95"
"2009-10-30","47184.71"
"2009-11-02","47456.11"
"2009-11-03","46335.05"
"2009-11-04","47281.44"
"2009-11-05","47298.04"
"2009-11-06","46969.89"
"2009-11-09","47774.52"
"2009-11-10","48135.09"
"2009-11-11","48864.00"
"2009-11-12","48746.03"
"2009-11-13","48441.90"
"2009-11-16","48775.29"
"2009-11-17","47243.23"
"2009-11-18","46419.87"
"2009-11-19","46114.59"
"2009-11-20","45230.95"
"2009-11-23","45801.42"
"2009-11-24","45513.50"
"2009-11-25","45538.66"
"2009-11-26","45350.17"
"2009-12-01","46083.95"
"2009-12-02","47898.19"
"2009-12-03","49677.20"
"2009-12-04","50101.98"
"2009-12-07","49915.76"
"2009-12-08","49591.37"
"2009-12-09","49184.95"
"2009-12-10","49594.50"
"2009-12-11","49386.42"
"2009-12-14","50198.39"
"2009-12-15","50449.52"
"2009-12-16","50817.25"
"2009-12-17","49963.21"
"2009-12-18","50138.45"
"2009-12-21","51280.90"
"2009-12-22","51532.52"
"2009-12-23","51162.24"
"2009-12-24","51460.70"
"2009-12-25","51661.34"
"2009-12-28","51619.41"
"2009-12-29","51786.04"
"2009-12-30","51668.41"
"2009-12-31","52825.02"
"2010-01-04","53368.16"
"2010-01-05","54115.05"
"2010-01-06","54547.36"
"2010-01-07","54972.94"
"2010-01-08","54797.90"
"2010-01-11","53921.06"
"2010-01-12","53676.35"
"2010-01-13","54627.19"
"2010-01-14","54740.60"
"2010-01-15","54005.65"
"2010-01-18","54550.83"
"2010-01-19","55159.60"
"2010-01-20","55469.20"
"2010-01-21","55301.18"
"2010-01-22","53997.49"
"2010-01-25","54281.00"
"2010-01-26","54317.48"
"2010-01-27","54071.02"
"2010-01-28","54770.46"
"2010-01-29","54650.58"
"2010-02-01","55526.01"
"2010-02-02","55147.64"
"2010-02-03","55068.70"
"2010-02-04","53463.88"
"2010-02-05","51454.89"
"2010-02-08","49933.38"
"2010-02-09","50826.36"
"2010-02-10","50567.50"
"2010-02-11","51381.04"
"2010-02-12","51063.82"
"2010-02-15","51334.42"
"2010-02-16","51748.50"
"2010-02-17","53273.30"
"2010-02-18","52449.80"
"2010-02-19","53318.97"
"2010-02-22","52592.88"
"2010-02-23","51416.56"
"2010-02-24","49659.56"
"2010-02-25","48739.43"
"2010-02-26","49705.49"
"2010-03-01","51183.73"
"2010-03-02","51476.11"
"2010-03-03","51699.06"
"2010-03-04","51440.71"
"2010-03-05","52625.63"
"2010-03-08","53296.54"
"2010-03-09","52959.96"
"2010-03-10","52753.00"
"2010-03-11","52376.55"
"2010-03-12","52232.99"
"2010-03-15","51971.37"
"2010-03-16","53233.26"
"2010-03-17","54303.66"
"2010-03-18","53534.39"
"2010-03-19","53436.96"
"2010-03-22","53892.39"
"2010-03-23","54351.70"
"2010-03-24","55136.60"
"2010-03-25","57044.66"
"2010-03-26","56610.66"
"2010-03-29","56668.20"
"2010-03-30","56754.41"
"2010-03-31","56538.37"
"2010-04-01","57708.21"
"2010-04-02","58059.86"
"2010-04-05","58644.98"
"2010-04-06","58406.36"
"2010-04-07","58645.61"
"2010-04-08","58412.05"
"2010-04-09","59185.30"
"2010-04-12","58821.64"
"2010-04-13","58075.39"
"2010-04-14","59330.34"
"2010-04-15","59055.09"
"2010-04-16","58223.53"
"2010-04-19","58153.03"
"2010-04-20","58886.09"
"2010-04-21","58450.85"
"2010-04-22","58338.36"
"2010-04-26","59043.16"
"2010-04-27","58217.40"
"2010-04-28","57933.09"
"2010-04-29","58702.82"
"2010-04-30","58959.10"
"2010-05-03","58400.21"
"2010-05-04","57341.03"
"2010-05-05","56441.12"
"2010-05-06","55763.57"
"2010-05-07","52686.97"
"2010-05-10","56448.00"
"2010-05-11","56461.72"
"2010-05-12","57976.46"
"2010-05-13","57929.65"
"2010-05-14","55747.88"
"2010-05-17","56071.09"
"2010-05-18","56978.25"
"2010-05-20","54449.88"
"2010-05-21","54111.60"
"2010-05-24","54558.16"
"2010-05-25","52257.07"
"2010-05-26","54103.50"
"2010-05-27","54497.95"
"2010-05-28","55233.68"
"2010-05-31","54384.94"
"2010-06-01","54460.36"
"2010-06-02","55212.50"
"2010-06-03","55407.21"
"2010-06-04","54612.93"
"2010-06-07","54306.63"
"2010-06-08","53664.36"
"2010-06-09","54304.92"
"2010-06-10","54861.83"
"2010-06-11","55131.63"
"2010-06-14","55688.81"
"2010-06-15","56421.32"
"2010-06-16","56402.91"
"2010-06-17","56891.01"
"2010-06-18","57034.47"
"2010-06-21","57277.18"
"2010-06-22","57007.01"
"2010-06-23","55906.38"
"2010-06-24","55915.67"
"2010-06-25","55864.24"
"2010-06-28","56433.12"
"2010-06-29","55215.32"
"2010-06-30","54839.46"
"2010-07-01","54534.28"
"2010-07-02","55636.45"
"2010-07-05","55715.50"
"2010-07-06","56787.75"
"2010-07-07","56798.55"
"2010-07-08","57345.59"
"2010-07-09","57150.90"
"2010-07-12","57569.84"
"2010-07-13","58278.67"
"2010-07-14","58301.34"
"2010-07-15","57689.93"
"2010-07-16","57729.36"
"2010-07-19","58114.43"
"2010-07-20","58227.81"
"2010-07-21","59494.67"
"2010-07-22","59919.48"
"2010-07-23","59299.53"
"2010-07-26","59507.68"
"2010-07-27","60328.94"
"2010-07-28","60404.33"
"2010-07-29","60737.28"
"2010-07-30","59866.75"
"2010-08-02","60693.24"
"2010-08-03","60078.50"
"2010-08-04","59880.68"
"2010-08-05","59603.14"
"2010-08-06","59753.02"
"2010-08-09","59885.66"
"2010-08-10","59169.61"
"2010-08-11","58154.66"
"2010-08-12","58383.71"
"2010-08-13","58479.86"
"2010-08-16","58822.82"
"2010-08-17","59462.92"
"2010-08-18","59443.43"
"2010-08-19","58849.39"
"2010-08-20","58749.93"
"2010-08-23","58890.46"
"2010-08-24","58623.20"
"2010-08-25","58285.65"
"2010-08-26","59058.09"
"2010-08-27","59345.93"
"2010-08-31","59972.59"
"2010-09-01","60685.50"
"2010-09-02","60865.73"
"2010-09-03","60998.84"
"2010-09-06","61100.96"
"2010-09-07","60746.75"
"2010-09-08","60608.08"
"2010-09-13","62260.11"
"2010-09-14","62478.98"
"2010-09-15","63397.71"
"2010-09-16","63732.81"
"2010-09-17","63862.03"
"2010-09-20","64289.57"
"2010-09-21","64124.73"
"2010-09-22","64479.14"
"2010-09-23","64192.60"
"2010-09-24","64241.48"
"2010-09-27","64627.29"
"2010-09-28","65589.87"
"2010-09-29","65551.38"
"2010-09-30","65774.37"
"2010-10-01","64882.72"
"2010-10-04","65414.95"
"2010-10-05","66283.23"
"2010-10-06","66879.74"
"2010-10-07","66758.97"
"2010-10-08","67217.24"
"2010-10-11","68999.96"
"2010-10-12","69675.08"
"2010-10-13","70166.89"
"2010-10-14","69225.72"
"2010-10-15","70101.22"
"2010-10-18","70457.99"
"2010-10-19","69838.75"
"2010-10-20","69364.54"
"2010-10-21","70450.31"
"2010-10-22","71006.82"
"2010-10-25","70923.84"
"2010-10-26","70746.73"
"2010-10-27","68588.51"
"2010-10-28","68760.46"
"2010-11-01","69074.33"
"2010-11-02","68522.21"
"2010-11-03","68604.63"
"2010-11-04","70905.39"
"2010-11-05","70779.15"
"2010-11-08","70941.06"
"2010-11-09","71543.26"
"2010-11-10","70561.03"
"2010-11-11","70084.95"
"2010-11-12","69553.08"
"2010-11-15","69998.07"
"2010-11-22","67926.47"
"2010-11-23","66335.42"
"2010-11-24","67230.72"
"2010-11-25","67148.87"
"2010-11-26","66147.74"
"2010-11-29","64072.16"
"2010-11-30","65350.85"
"2010-12-01","66156.19"
"2010-12-02","66939.08"
"2010-12-03","66860.19"
"2010-12-06","67712.10"
"2010-12-07","67873.47"
"2010-12-08","67704.61"
"2010-12-09","65913.89"
"2010-12-10","64759.02"
"2010-12-13","66380.44"
"2010-12-14","66509.71"
"2010-12-15","65499.20"
"2010-12-16","64429.48"
"2010-12-17","63524.18"
"2010-12-20","63501.58"
"2010-12-21","64819.64"
"2010-12-22","65440.22"
"2010-12-23","66218.98"
"2010-12-24","66267.34"
"2010-12-27","66356.58"
"2010-12-28","66441.93"
"2010-12-29","66719.67"
"2010-12-30","66822.14"
"2010-12-31","66004.48"
"2011-01-03","67607.90"
"2011-01-04","68221.86"
"2011-01-05","68828.96"
"2011-01-06","69311.23"
"2011-01-07","68770.29"
"2011-01-10","67874.68"
"2011-01-11","67668.96"
"2011-01-12","67923.91"
"2011-01-13","68575.47"
"2011-01-14","67879.62"
"2011-01-17","66831.36"
"2011-01-18","66428.29"
"2011-01-19","66462.89"
"2011-01-20","65288.03"
"2011-01-21","65927.31"
"2011-01-24","65201.71"
"2011-01-25","65152.90"
"2011-01-26","65960.95"
"2011-01-27","65038.59"
"2011-01-28","63211.27"
"2011-01-31","63278.07"
"2011-02-01","64822.62"
"2011-02-02","65307.14"
"2011-02-03","63727.95"
"2011-02-04","65309.00"
"2011-02-07","64905.59"
"2011-02-08","65254.13"
"2011-02-09","65569.61"
"2011-02-10","64421.53"
"2011-02-11","64730.35"
"2011-02-14","64568.86"
"2011-02-15","64802.14"
"2011-02-16","65361.78"
"2011-02-17","65973.16"
"2011-02-18","65985.76"
"2011-02-21","65129.00"
"2011-02-22","64658.76"
"2011-02-23","63131.68"
"2011-02-24","60760.82"
"2011-02-25","61367.34"
"2011-02-28","61283.87"
"2011-03-01","58709.33"
"2011-03-02","58664.24"
"2011-03-03","60387.04"
"2011-03-04","61112.83"
"2011-03-07","60217.58"
"2011-03-08","61301.65"
"2011-03-09","62483.83"
"2011-03-10","63169.22"
"2011-03-11","63781.67"
"2011-03-14","64530.05"
"2011-03-15","64213.93"
"2011-03-16","63280.42"
"2011-03-17","63482.21"
"2011-03-18","63839.27"
"2011-03-21","64215.67"
"2011-03-22","64874.57"
"2011-03-23","63719.64"
"2011-03-24","64355.86"
"2011-03-25","64247.00"
"2011-03-28","64261.33"
"2011-03-29","63763.80"
"2011-03-30","64565.63"
"2011-03-31","64434.51"
"2011-04-01","65714.40"
"2011-04-04","67581.95"
"2011-04-05","67689.46"
"2011-04-06","68649.24"
"2011-04-07","69490.47"
"2011-04-08","68093.26"
"2011-04-11","68194.72"
"2011-04-12","68006.89"
"2011-04-13","68203.43"
"2011-04-14","67959.50"
"2011-04-15","68450.46"
"2011-04-18","66607.58"
"2011-04-19","67742.07"
"2011-04-20","68054.04"
"2011-04-21","68565.60"
"2011-04-22","68691.77"
"2011-04-25","68870.67"
"2011-04-26","68524.35"
"2011-04-27","67792.69"
"2011-04-28","68440.24"
"2011-04-29","69250.14"
"2011-05-02","69522.42"
"2011-05-03","70072.02"
"2011-05-04","69437.55"
"2011-05-05","69374.88"
"2011-05-06","68240.93"
"2011-05-09","67956.47"
"2011-05-10","67259.99"
"2011-05-11","65643.34"
"2011-05-12","66535.13"
"2011-05-13","64585.22"
"2011-05-16","65417.92"
"2011-05-17","65385.38"
"2011-05-18","63733.16"
"2011-05-20","63298.58"
"2011-05-23","63209.88"
"2011-05-24","64561.40"
"2011-05-25","63609.31"
"2011-05-26","63755.35"
"2011-05-27","62407.42"
"2011-05-30","61491.71"
"2011-05-31","63046.02"
"2011-06-01","63224.65"
"2011-06-02","63112.60"
"2011-06-03","62806.94"
"2011-06-06","63516.83"
"2011-06-07","64463.23"
"2011-06-08","64067.11"
"2011-06-09","63670.08"
"2011-06-10","63700.30"
"2011-06-13","63523.22"
"2011-06-14","62185.54"
"2011-06-15","60938.92"
"2011-06-16","61116.74"
"2011-06-17","61716.68"
"2011-06-20","61007.73"
"2011-06-21","62033.24"
"2011-06-22","61217.96"
"2011-06-23","61589.91"
"2011-06-24","62072.64"
"2011-06-27","61953.26"
"2011-06-28","62819.08"
"2011-06-29","63002.88"
"2011-06-30","63269.40"
"2011-07-01","63264.51"
"2011-07-04","64186.73"
"2011-07-05","63866.26"
"2011-07-06","63240.11"
"2011-07-07","64100.82"
"2011-07-08","63596.17"
"2011-07-11","62909.49"
"2011-07-12","62689.79"
"2011-07-13","63261.06"
"2011-07-14","62743.81"
"2011-07-15","62635.13"
"2011-07-18","62024.97"
"2011-07-19","61840.10"
"2011-07-20","61636.83"
"2011-07-21","60882.33"
"2011-07-22","59802.32"
"2011-07-25","61047.65"
"2011-07-26","61388.64"
"2011-07-27","61181.55"
"2011-07-28","62530.88"
"2011-07-29","62295.68"
"2011-08-01","61926.61"
"2011-08-02","61758.61"
"2011-08-03","61315.08"
"2011-08-04","59325.99"
"2011-08-05","56265.52"
"2011-08-08","52283.50"
"2011-08-09","52961.21"
"2011-08-10","50307.63"
"2011-08-11","52017.02"
"2011-08-12","52188.65"
"2011-08-15","53485.34"
"2011-08-16","54097.43"
"2011-08-17","54217.83"
"2011-08-18","51945.93"
"2011-08-19","53061.74"
"2011-08-22","53287.03"
"2011-08-23","52411.48"
"2011-08-24","53055.09"
"2011-08-25","52967.67"
"2011-08-26","53707.56"
"2011-08-29","53946.09"
"2011-09-02","55375.28"
"2011-09-05","54054.80"
"2011-09-06","55019.78"
"2011-09-07","55238.22"
"2011-09-08","56691.98"
"2011-09-09","55902.98"
"2011-09-12","55604.81"
"2011-09-13","56650.62"
"2011-09-14","56121.89"
"2011-09-15","57115.64"
"2011-09-16","57896.50"
"2011-09-19","57933.24"
"2011-09-20","60889.08"
"2011-09-21","60827.89"
"2011-09-22","57979.90"
"2011-09-23","56323.38"
"2011-09-26","56801.20"
"2011-09-27","58261.27"
"2011-09-28","58988.46"
"2011-09-29","59758.18"
"2011-09-30","59693.43"
"2011-10-03","59459.66"
"2011-10-04","57209.16"
"2011-10-05","57311.22"
"2011-10-06","57228.53"
"2011-10-07","57338.78"
"2011-10-10","58327.63"
"2011-10-11","58664.09"
"2011-10-12","59420.26"
"2011-10-13","58543.37"
"2011-10-14","59300.29"
"2011-10-17","58442.44"
"2011-10-18","58750.59"
"2011-10-19","57798.73"
"2011-10-20","55904.51"
"2011-10-21","56792.34"
"2011-10-24","56259.37"
"2011-10-25","56278.39"
"2011-10-26","55469.92"
"2011-10-27","56616.81"
"2011-10-28","57042.36"
"2011-10-31","56061.47"
"2011-11-01","54851.52"
"2011-11-02","55721.42"
"2011-11-03","56522.77"
"2011-11-04","56180.24"
"2011-11-10","55540.67"
"2011-11-11","56201.45"
"2011-11-14","55875.72"
"2011-11-15","55922.53"
"2011-11-16","55927.45"
"2011-11-17","55089.82"
"2011-11-18","54473.90"
"2011-11-21","52752.15"
"2011-11-22","51986.38"
"2011-11-23","51091.51"
"2011-11-24","49621.67"
"2011-11-25","51071.22"
"2011-11-28","52283.58"
"2011-11-29","52092.78"
"2011-11-30","54517.76"
"2011-12-01","53806.64"
"2011-12-02","54769.25"
"2011-12-05","55195.81"
"2011-12-06","54679.11"
"2011-12-07","55138.85"
"2011-12-08","53499.25"
"2011-12-09","53834.91"
"2011-12-12","52444.07"
"2011-12-13","52551.52"
"2011-12-14","51338.97"
"2011-12-15","51886.47"
"2011-12-16","51665.78"
"2011-12-19","50742.08"
"2011-12-20","52126.94"
"2011-12-21","51747.43"
"2011-12-22","51591.56"
"2011-12-23","51948.62"
"2011-12-26","52517.25"
"2011-12-27","52561.20"
"2011-12-28","51553.20"
"2011-12-29","52053.62"
"2011-12-30","51266.62"
"2012-01-02","51340.96"
"2012-01-03","52859.07"
"2012-01-04","51532.56"
"2012-01-05","51204.58"
"2012-01-06","50182.53"
"2012-01-09","49836.98"
"2012-01-10","50781.84"
"2012-01-11","51410.44"
"2012-01-12","52154.27"
"2012-01-13","51561.68"
"2012-01-16","52797.16"
"2012-01-17","53529.30"
"2012-01-18","54384.76"
"2012-01-19","54607.89"
"2012-01-20","54888.55"
"2012-01-23","55186.21"
"2012-01-24","54790.84"
"2012-01-25","54918.68"
"2012-01-26","56958.83"
"2012-01-27","57356.72"
"2012-01-30","57811.79"
"2012-01-31","57171.34"
"2012-02-01","59215.65"
"2012-02-02","60051.94"
"2012-02-03","60147.96"
"2012-02-06","60674.87"
"2012-02-07","60545.87"
"2012-02-08","61178.25"
"2012-02-09","60162.52"
"2012-02-10","59332.11"
"2012-02-13","60557.48"
"2012-02-14","59662.13"
"2012-02-15","59847.64"
"2012-02-16","60030.14"
"2012-02-17","61111.30"
"2012-02-20","61449.07"
"2012-02-21","61252.83"
"2012-02-22","60856.43"
"2012-02-23","59666.62"
"2012-02-24","59737.53"
"2012-02-27","58821.82"
"2012-02-28","59978.49"
"2012-02-29","60721.23"
"2012-03-01","60725.88"
"2012-03-02","60902.41"
"2012-03-05","59685.48"
"2012-03-06","59143.43"
"2012-03-07","59479.73"
"2012-03-08","59673.75"
"2012-03-09","59280.43"
"2012-03-12","59009.47"
"2012-03-13","59389.02"
"2012-03-14","60835.74"
"2012-03-15","61279.31"
"2012-03-16","62336.32"
"2012-03-19","62537.33"
"2012-03-20","62164.06"
"2012-03-21","62064.97"
"2012-03-22","61786.74"
"2012-03-23","61417.44"
"2012-03-26","62561.47"
"2012-03-27","62490.95"
"2012-03-28","61815.10"
"2012-03-29","61544.94"
"2012-03-30","62423.04"
"2012-04-02","62969.32"
"2012-04-03","63284.54"
"2012-04-04","62463.96"
"2012-04-05","62062.69"
"2012-04-06","60939.55"
"2012-04-09","60813.25"
"2012-04-10","59987.73"
"2012-04-11","60709.82"
"2012-04-12","60890.09"
"2012-04-13","60582.60"
"2012-04-16","60478.50"
"2012-04-17","60652.56"
"2012-04-18","60131.94"
"2012-04-19","59848.46"
"2012-04-20","60122.90"
"2012-04-24","59706.03"
"2012-04-25","59940.54"
"2012-04-26","60677.81"
"2012-04-27","60596.68"
"2012-04-30","60010.42"
"2012-05-02","58943.71"
"2012-05-03","59285.68"
"2012-05-04","59015.69"
"2012-05-07","58809.68"
"2012-05-08","58749.33"
"2012-05-09","58092.99"
"2012-05-10","58820.76"
"2012-05-11","58872.62"
"2012-05-14","57853.86"
"2012-05-15","57453.05"
"2012-05-16","58100.85"
"2012-05-17","57331.17"
"2012-05-18","56935.76"
"2012-05-21","56539.64"
"2012-05-22","57079.47"
"2012-05-23","55734.34"
"2012-05-24","54916.61"
"2012-05-25","54809.94"
"2012-05-28","54843.93"
"2012-05-29","55449.51"
"2012-05-30","55125.29"
"2012-05-31","55099.33"
"2012-06-01","55568.37"
"2012-06-04","55744.29"
"2012-06-05","55799.77"
"2012-06-06","56248.45"
"2012-06-07","56695.71"
"2012-06-08","57300.02"
"2012-06-11","57504.82"
"2012-06-12","58201.29"
"2012-06-13","58250.48"
"2012-06-14","58364.67"
"2012-06-15","58467.79"
"2012-06-18","58324.86"
"2012-06-19","59299.68"
"2012-06-20","59401.26"
"2012-06-21","60439.83"
"2012-06-22","60451.41"
"2012-06-25","59479.36"
"2012-06-26","60126.55"
"2012-06-27","61184.33"
"2012-06-28","60822.57"
"2012-06-29","62543.49"
"2012-07-02","61951.16"
"2012-07-03","62721.31"
"2012-07-04","62986.09"
"2012-07-05","61972.14"
"2012-07-06","62780.58"
"2012-07-09","62608.13"
"2012-07-10","63123.95"
"2012-07-11","63048.76"
"2012-07-12","62324.64"
"2012-07-13","62662.16"
"2012-07-16","62675.31"
"2012-07-17","62472.82"
"2012-07-18","62444.93"
"2012-07-19","62340.84"
"2012-07-20","61792.16"
"2012-07-23","60736.81"
"2012-07-24","61303.26"
"2012-07-25","61707.54"
"2012-07-26","63840.98"
"2012-07-27","64372.81"
"2012-07-30","65032.05"
"2012-07-31","64259.54"
"2012-08-01","64081.17"
"2012-08-02","63777.91"
"2012-08-03","65303.64"
"2012-08-06","65576.79"
"2012-08-07","64938.36"
"2012-08-08","64698.63"
"2012-08-09","64501.13"
"2012-08-10","65126.00"
"2012-08-13","65148.93"
"2012-08-14","64160.81"
"2012-08-15","64611.75"
"2012-08-16","64916.23"
"2012-08-17","65758.47"
"2012-08-22","66108.84"
"2012-08-23","66079.48"
"2012-08-24","65654.31"
"2012-08-27","65941.56"
"2012-08-28","66139.30"
"2012-08-29","66152.55"
"2012-08-31","67367.95"
"2012-09-03","67208.22"
"2012-09-04","66898.10"
"2012-09-05","67559.48"
"2012-09-06","67714.84"
"2012-09-07","67937.05"
"2012-09-10","68121.60"
"2012-09-11","68105.07"
"2012-09-12","68184.00"
"2012-09-13","67290.68"
"2012-09-14","68180.49"
"2012-09-17","68092.28"
"2012-09-18","67600.35"
"2012-09-19","67114.82"
"2012-09-20","67001.68"
"2012-09-21","67891.46"
"2012-09-24","67207.14"
"2012-09-25","67809.58"
"2012-09-26","66675.67"
"2012-09-27","66770.56"
"2012-09-28","66396.71"
"2012-10-01","66754.88"
"2012-10-02","67498.20"
"2012-10-03","66822.36"
"2012-10-04","66909.38"
"2012-10-05","67383.68"
"2012-10-08","67435.37"
"2012-10-09","68062.86"
"2012-10-10","68457.58"
"2012-10-11","69577.60"
"2012-10-12","69603.13"
"2012-10-15","69769.73"
"2012-10-16","70281.72"
"2012-10-17","70686.50"
"2012-10-18","70355.84"
"2012-10-19","70774.02"
"2012-10-22","71219.47"
"2012-10-23","70762.31"
"2012-10-24","70708.41"
"2012-10-30","71716.91"
"2012-10-31","72528.97"
"2012-11-01","72552.51"
"2012-11-02","71422.61"
"2012-11-05","72737.10"
"2012-11-06","72039.74"
"2012-11-07","71604.91"
"2012-11-08","72649.83"
"2012-11-09","71820.28"
"2012-11-12","71357.03"
"2012-11-13","72015.20"
"2012-11-14","71325.57"
"2012-11-15","71597.22"
"2012-11-16","70790.51"
"2012-11-19","70607.40"
"2012-11-20","70636.74"
"2012-11-21","70460.76"
"2012-11-22","69926.07"
"2012-11-23","71004.31"
"2012-11-26","71866.85"
"2012-11-27","71999.71"
"2012-11-28","71974.49"
"2012-11-29","72448.89"
"2012-11-30","73058.51"
"2012-12-03","74298.91"
"2012-12-04","75522.65"
"2012-12-05","76038.35"
"2012-12-06","75785.58"
"2012-12-07","76242.20"
"2012-12-10","76734.40"
"2012-12-11","76814.77"
"2012-12-12","77404.37"
"2012-12-13","76963.34"
"2012-12-14","76293.15"
"2012-12-17","77466.90"
"2012-12-18","77298.45"
"2012-12-19","76810.26"
"2012-12-20","76814.43"
"2012-12-21","76684.74"
"2012-12-24","77314.46"
"2012-12-25","77596.24"
"2012-12-26","77991.10"
"2012-12-27","78454.19"
"2012-12-28","78579.08"
"2012-12-31","78208.44"
"2013-01-01","78208.44"
"2013-01-02","79642.08"
"2013-01-03","80033.33"
"2013-01-04","79563.95"
"2013-01-07","80224.41"
"2013-01-08","80161.71"
"2013-01-09","81149.13"
"2013-01-10","80837.46"
"2013-01-11","81033.52"
"2013-01-14","81990.01"
"2013-01-15","82406.13"
"2013-01-16","84082.15"
"2013-01-17","84860.26"
"2013-01-18","85004.87"
"2013-01-21","85281.53"
"2013-01-22","85646.87"
"2013-01-23","86340.97"
"2013-01-24","86437.89"
"2013-01-25","84755.10"
"2013-01-28","81165.81"
"2013-01-29","82178.34"
"2013-01-30","78982.94"
"2013-01-31","78783.47"
"2013-02-01","80221.68"
"2013-02-04","80722.66"
"2013-02-05","80309.85"
"2013-02-06","80054.41"
"2013-02-07","78149.29"
"2013-02-08","78683.99"
"2013-02-11","77255.83"
"2013-02-12","78078.81"
"2013-02-13","77943.39"
"2013-02-14","77580.50"
"2013-02-15","78081.40"
"2013-02-18","77907.51"
"2013-02-19","78274.87"
"2013-02-20","78891.26"
"2013-02-21","77269.15"
"2013-02-22","75898.69"
"2013-02-25","76670.32"
"2013-02-26","77514.33"
"2013-02-27","78166.25"
"2013-02-28","79333.67"
"2013-03-01","79867.54"
"2013-03-04","80612.21"
"2013-03-05","81051.21"
"2013-03-06","82173.98"
"2013-03-07","81834.73"
"2013-03-08","83541.62"
"2013-03-11","83119.65"
"2013-03-12","83347.54"
"2013-03-13","82619.05"
"2013-03-14","81981.58"
"2013-03-15","83115.48"
"2013-03-18","83378.82"
"2013-03-19","82286.32"
"2013-03-20","82160.84"
"2013-03-21","82373.94"
"2013-03-22","82452.04"
"2013-03-25","82765.64"
"2013-03-26","83970.92"
"2013-03-27","84195.16"
"2013-03-28","85253.95"
"2013-03-29","85898.99"
"2013-04-01","86112.33"
"2013-04-02","86026.67"
"2013-04-03","84860.07"
"2013-04-04","83243.81"
"2013-04-05","82071.25"
"2013-04-08","83346.51"
"2013-04-09","82770.42"
"2013-04-10","82404.32"
"2013-04-11","84102.61"
"2013-04-12","84581.07"
"2013-04-15","85107.29"
"2013-04-16","84705.64"
"2013-04-17","84397.87"
"2013-04-18","83038.30"
"2013-04-19","83285.45"
"2013-04-22","84023.36"
"2013-04-24","84780.38"
"2013-04-25","84943.49"
"2013-04-26","85112.29"
"2013-04-29","85154.15"
"2013-04-30","86046.04"
"2013-05-02","88669.73"
"2013-05-03","89093.70"
"2013-05-06","89714.78"
"2013-05-07","89459.45"
"2013-05-08","90852.21"
"2013-05-09","89931.15"
"2013-05-10","89568.89"
"2013-05-13","89765.18"
"2013-05-14","91287.14"
"2013-05-15","92112.07"
"2013-05-16","91946.74"
"2013-05-17","91924.84"
"2013-05-20","90165.14"
"2013-05-21","91190.82"
"2013-05-22","93178.87"
"2013-05-23","91351.40"
"2013-05-24","91016.31"
"2013-05-27","90546.75"
"2013-05-28","89916.41"
"2013-05-29","87174.54"
"2013-05-30","87170.23"
"2013-05-31","85990.01"
"2013-06-03","76983.66"
"2013-06-04","80733.25"
"2013-06-05","79636.79"
"2013-06-06","75895.26"
"2013-06-07","78332.59"
"2013-06-10","76386.19"
"2013-06-11","75041.03"
"2013-06-12","76880.65"
"2013-06-13","76488.60"
"2013-06-14","80011.09"
"2013-06-17","78946.45"
"2013-06-18","77739.61"
"2013-06-19","78834.61"
"2013-06-20","73461.89"
"2013-06-21","73101.76"
"2013-06-24","70640.50"
"2013-06-25","71214.61"
"2013-06-26","73851.53"
"2013-06-27","75761.53"
"2013-06-28","76294.51"
"2013-07-01","76736.59"
"2013-07-02","76438.81"
"2013-07-03","73718.71"
"2013-07-04","75409.63"
"2013-07-05","73111.83"
"2013-07-08","71682.30"
"2013-07-09","71981.59"
"2013-07-10","71074.11"
"2013-07-11","71789.85"
"2013-07-12","73921.95"
"2013-07-15","76227.95"
"2013-07-16","75678.08"
"2013-07-17","77072.09"
"2013-07-18","77022.76"
"2013-07-19","75873.99"
"2013-07-22","75816.02"
"2013-07-23","75368.07"
"2013-07-24","74015.22"
"2013-07-25","73849.74"
"2013-07-26","72555.00"
"2013-07-29","72938.89"
"2013-07-30","74420.79"
"2013-07-31","73377.45"
"2013-08-01","73401.77"
"2013-08-02","74032.75"
"2013-08-05","74290.06"
"2013-08-06","74031.56"
"2013-08-07","73544.83"
"2013-08-12","75374.51"
"2013-08-13","75514.24"
"2013-08-14","75585.89"
"2013-08-15","73978.17"
"2013-08-16","74275.43"
"2013-08-19","72382.71"
"2013-08-20","72204.25"
"2013-08-21","69709.46"
"2013-08-22","68300.05"
"2013-08-23","67932.32"
"2013-08-26","68775.02"
"2013-08-27","65519.87"
"2013-08-28","65452.40"
"2013-08-29","66394.41"
"2013-09-02","68545.38"
"2013-09-03","66973.08"
"2013-09-04","66965.84"
"2013-09-05","66715.06"
"2013-09-06","67232.42"
"2013-09-09","69689.21"
"2013-09-10","71787.99"
"2013-09-11","71771.60"
"2013-09-12","72722.34"
"2013-09-13","71635.02"
"2013-09-16","74258.55"
"2013-09-17","74783.39"
"2013-09-18","74660.50"
"2013-09-19","79466.04"
"2013-09-20","77862.93"
"2013-09-23","76807.89"
"2013-09-24","76529.68"
"2013-09-25","76234.32"
"2013-09-26","75618.20"
"2013-09-27","74772.34"
"2013-09-30","74486.56"
"2013-10-01","76469.99"
"2013-10-02","75162.81"
"2013-10-03","76269.85"
"2013-10-04","76206.97"
"2013-10-07","75901.17"
"2013-10-08","75063.87"
"2013-10-09","74483.85"
"2013-10-10","75639.77"
"2013-10-11","76176.36"
"2013-10-14","76234.96"
"2013-10-21","78877.02"
"2013-10-22","79272.42"
"2013-10-23","78515.59"
"2013-10-24","78845.79"
"2013-10-25","79271.50"
"2013-10-28","79565.18"
"2013-10-30","78919.41"
"2013-10-31","77620.37"
"2013-11-01","76501.23"
"2013-11-04","76234.16"
"2013-11-05","74744.25"
"2013-11-06","75768.59"
"2013-11-07","75811.50"
"2013-11-08","73918.30"
"2013-11-11","72139.95"
"2013-11-12","71904.60"
"2013-11-13","72326.95"
"2013-11-14","73974.77"
"2013-11-15","74273.24"
"2013-11-18","75597.68"
"2013-11-19","74617.72"
"2013-11-20","75381.71"
"2013-11-21","74679.25"
"2013-11-22","75638.05"
"2013-11-25","76531.43"
"2013-11-26","75563.19"
"2013-11-27","74896.01"
"2013-11-28","74580.37"
"2013-11-29","75748.27"
"2013-12-02","74951.23"
"2013-12-03","73087.49"
"2013-12-04","73088.65"
"2013-12-05","71991.94"
"2013-12-06","73378.44"
"2013-12-09","74232.88"
"2013-12-10","74118.02"
"2013-12-11","73965.80"
"2013-12-12","73071.78"
"2013-12-13","74064.98"
"2013-12-16","74843.38"
"2013-12-17","70946.06"
"2013-12-18","71417.26"
"2013-12-19","69100.02"
"2013-12-20","69572.83"
"2013-12-23","68086.14"
"2013-12-24","68997.82"
"2013-12-25","66096.57"
"2013-12-26","64555.20"
"2013-12-27","63885.22"
"2013-12-30","67985.70"
"2013-12-31","67801.73"
"2014-01-02","66985.82"
"2014-01-03","65967.14"
"2014-01-06","68021.99"
"2014-01-07","68598.61"
"2014-01-08","67331.70"
"2014-01-09","66413.59"
"2014-01-10","67912.11"
"2014-01-13","68062.29"
"2014-01-14","68072.51"
"2014-01-15","68134.63"
"2014-01-16","66843.58"
"2014-01-17","65635.03"
"2014-01-20","65763.63"
"2014-01-21","66318.69"
"2014-01-22","67367.27"
"2014-01-23","65429.29"
"2014-01-24","64427.52"
"2014-01-27","64568.74"
"2014-01-28","63543.70"
"2014-01-29","62088.70"
"2014-01-30","62701.39"
"2014-01-31","61858.21"
"2014-02-03","61675.17"
"2014-02-04","62732.73"
"2014-02-05","62442.45"
"2014-02-06","64549.87"
"2014-02-07","64614.34"
"2014-02-10","64050.16"
"2014-02-11","64280.69"
"2014-02-12","64513.72"
"2014-02-13","63764.95"
"2014-02-14","64882.91"
"2014-02-17","65599.17"
"2014-02-18","64125.72"
"2014-02-19","63382.13"
"2014-02-20","63681.01"
"2014-02-21","63885.62"
"2014-02-24","64185.96"
"2014-02-25","62123.84"
"2014-02-26","61503.04"
"2014-02-27","61779.24"
"2014-02-28","62553.32"
"2014-03-03","61189.15"
"2014-03-04","63030.66"
"2014-03-05","63444.72"
"2014-03-06","64004.20"
"2014-03-07","63095.99"
"2014-03-10","62731.50"
"2014-03-11","63065.64"
"2014-03-12","63258.61"
"2014-03-13","63345.36"
"2014-03-14","63278.93"
"2014-03-17","64197.78"
"2014-03-18","65573.50"
"2014-03-19","65487.07"
"2014-03-20","65261.35"
"2014-03-21","64579.37"
"2014-03-24","63710.45"
"2014-03-25","64696.47"
"2014-03-26","67730.78"
"2014-03-27","67048.36"
"2014-03-28","69117.32"
"2014-03-31","69736.34"
"2014-04-01","70857.41"
"2014-04-02","70648.03"
"2014-04-03","71544.81"
"2014-04-04","72582.86"
"2014-04-07","72489.07"
"2014-04-08","73946.51"
"2014-04-09","72428.55"
"2014-04-10","73150.23"
"2014-04-11","72736.33"
"2014-04-14","73774.90"
"2014-04-15","72438.04"
"2014-04-16","72399.37"
"2014-04-17","73561.79"
"2014-04-18","73476.01"
"2014-04-21","73446.69"
"2014-04-22","73170.03"
"2014-04-24","72391.27"
"2014-04-25","71388.74"
"2014-04-28","72398.54"
"2014-04-29","72314.97"
"2014-04-30","73871.54"
"2014-05-02","75159.06"
"2014-05-05","74760.79"
"2014-05-06","75190.31"
"2014-05-07","74967.20"
"2014-05-08","75781.68"
"2014-05-09","75562.95"
"2014-05-12","75935.59"
"2014-05-13","75776.49"
"2014-05-14","76047.80"
"2014-05-15","75228.44"
"2014-05-16","75009.31"
"2014-05-20","75255.28"
"2014-05-21","76454.56"
"2014-05-22","78043.18"
"2014-05-23","78060.64"
"2014-05-26","78603.16"
"2014-05-27","77533.21"
"2014-05-28","77995.44"
"2014-05-29","79299.97"
"2014-05-30","79289.80"
"2014-06-02","78648.83"
"2014-06-03","78818.28"
"2014-06-04","78384.74"
"2014-06-05","79802.96"
"2014-06-06","80397.55"
"2014-06-09","80753.75"
"2014-06-10","81672.04"
"2014-06-11","79020.57"
"2014-06-12","79834.33"
"2014-06-13","79011.62"
"2014-06-16","77645.72"
"2014-06-17","78015.74"
"2014-06-18","78092.89"
"2014-06-19","79057.25"
"2014-06-20","78400.69"
"2014-06-23","79326.52"
"2014-06-24","78986.12"
"2014-06-25","78997.88"
"2014-06-26","78104.14"
"2014-06-27","78472.38"
"2014-06-30","78489.01"
"2014-07-01","77107.01"
"2014-07-02","76831.82"
"2014-07-03","77528.54"
"2014-07-04","77534.77"
"2014-07-07","78951.06"
"2014-07-08","79290.79"
"2014-07-09","79458.79"
"2014-07-10","78551.58"
"2014-07-11","79364.43"
"2014-07-14","80621.55"
"2014-07-15","81245.09"
"2014-07-16","82270.52"
"2014-07-17","81783.21"
"2014-07-18","82314.53"
"2014-07-21","82270.34"
"2014-07-22","82530.53"
"2014-07-23","82854.62"
"2014-07-24","83824.65"
"2014-07-25","84218.02"
"2014-07-31","82156.87"
"2014-08-01","82093.94"
"2014-08-04","81893.27"
"2014-08-05","80641.86"
"2014-08-06","79432.33"
"2014-08-07","78843.31"
"2014-08-08","79199.41"
"2014-08-11","77271.25"
"2014-08-12","77827.24"
"2014-08-13","77618.56"
"2014-08-14","77569.92"
"2014-08-15","76692.07"
"2014-08-18","77342.09"
"2014-08-19","79275.88"
"2014-08-20","78866.91"
"2014-08-21","78957.53"
"2014-08-22","78929.59"
"2014-08-25","79262.41"
"2014-08-26","80754.28"
"2014-08-27","80467.40"
"2014-08-28","80837.71"
"2014-08-29","80312.94"
"2014-09-01","80824.72"
"2014-09-02","80710.01"
"2014-09-03","81292.35"
"2014-09-04","82226.04"
"2014-09-05","82193.10"
"2014-09-08","82199.53"
"2014-09-09","80080.22"
"2014-09-10","79550.55"
"2014-09-11","78966.38"
"2014-09-12","77820.83"
"2014-09-15","77918.10"
"2014-09-16","78634.55"
"2014-09-17","78968.11"
"2014-09-18","77496.43"
"2014-09-19","76921.94"
"2014-09-22","76869.89"
"2014-09-23","76668.91"
"2014-09-24","75193.02"
"2014-09-25","74590.70"
"2014-09-26","74632.42"
"2014-09-29","74645.73"
"2014-09-30","74937.81"
"2014-10-01","74154.51"
"2014-10-02","73857.96"
"2014-10-03","74384.37"
"2014-10-08","72943.50"
"2014-10-09","75208.03"
"2014-10-10","73494.06"
"2014-10-13","75115.72"
"2014-10-14","74686.61"
"2014-10-15","74856.02"
"2014-10-16","74575.85"
"2014-10-17","75533.29"
"2014-10-20","76331.44"
"2014-10-21","77645.59"
"2014-10-22","78080.78"
"2014-10-23","79494.74"
"2014-10-24","79417.13"
"2014-10-27","79235.43"
"2014-10-28","79589.07"
"2014-10-30","79898.62"
"2014-10-31","80579.66"
"2014-11-03","80027.88"
"2014-11-04","80268.20"
"2014-11-05","78956.09"
"2014-11-06","77510.28"
"2014-11-07","77957.75"
"2014-11-10","77743.39"
"2014-11-11","78403.38"
"2014-11-12","80394.94"
"2014-11-13","80876.10"
"2014-11-14","81211.55"
"2014-11-17","80499.83"
"2014-11-18","81329.86"
"2014-11-19","81461.62"
"2014-11-20","82511.89"
"2014-11-21","83281.80"
"2014-11-24","83251.96"
"2014-11-25","83530.54"
"2014-11-26","84243.31"
"2014-11-27","84688.52"
"2014-11-28","86168.66"
"2014-12-01","86147.32"
"2014-12-02","84915.15"
"2014-12-03","84915.14"
"2014-12-04","86234.10"
"2014-12-05","85239.92"
"2014-12-08","84818.68"
"2014-12-09","83527.29"
"2014-12-10","84126.33"
"2014-12-11","84718.23"
"2014-12-12","83226.38"
"2014-12-15","82804.43"
"2014-12-16","79191.19"
"2014-12-17","80820.72"
"2014-12-18","83226.20"
"2014-12-19","83573.55"
"2014-12-22","85143.76"
"2014-12-23","84487.99"
"2014-12-24","84821.70"
"2014-12-25","84824.51"
"2014-12-26","84947.31"
"2014-12-29","84101.75"
"2014-12-30","84537.10"
"2014-12-31","85721.13"
"2015-01-02","85458.92"
"2015-01-05","86462.57"
"2015-01-06","86909.58"
"2015-01-07","86776.58"
"2015-01-08","87689.64"
"2015-01-09","87648.35"
"2015-01-12","87864.74"
"2015-01-13","88313.50"
"2015-01-14","87563.47"
"2015-01-15","87742.82"
"2015-01-16","87416.40"
"2015-01-19","88006.48"
"2015-01-20","89200.45"
"2015-01-21","90312.80"
"2015-01-22","90902.78"
"2015-01-23","90736.05"
"2015-01-26","91412.94"
"2015-01-27","91150.05"
"2015-01-28","90341.63"
"2015-01-29","88557.78"
"2015-01-30","88945.82"
"2015-02-02","89712.79"
"2015-02-03","87508.52"
"2015-02-04","85910.14"
"2015-02-05","85789.31"
"2015-02-06","84987.42"
"2015-02-09","84574.27"
"2015-02-10","83116.43"
"2015-02-11","83429.49"
"2015-02-12","86082.55"
"2015-02-13","85809.25"
"2015-02-16","86040.54"
"2015-02-17","84424.89"
"2015-02-18","85441.66"
"2015-02-19","86414.28"
"2015-02-20","85488.89"
"2015-02-23","86288.25"
"2015-02-24","86691.24"
"2015-02-25","86733.45"
"2015-02-26","85915.36"
"2015-02-27","84147.51"
"2015-03-02","83946.92"
"2015-03-03","84303.92"
"2015-03-04","82067.23"
"2015-03-05","80779.58"
"2015-03-06","80310.16"
"2015-03-09","80645.43"
"2015-03-10","77977.48"
"2015-03-11","78276.98"
"2015-03-12","78293.17"
"2015-03-13","76642.13"
"2015-03-16","78195.71"
"2015-03-17","80030.65"
"2015-03-18","79942.27"
"2015-03-19","81922.02"
"2015-03-20","82506.35"
"2015-03-23","83741.99"
"2015-03-24","82032.59"
"2015-03-25","82649.20"
"2015-03-26","81482.40"
"2015-03-27","80894.15"
"2015-03-30","82184.02"
"2015-03-31","80846.03"
"2015-04-01","81208.54"
"2015-04-02","81676.43"
"2015-04-03","82994.31"
"2015-04-06","83130.16"
"2015-04-07","82465.89"
"2015-04-08","82799.38"
"2015-04-09","83513.62"
"2015-04-10","82645.75"
"2015-04-13","81937.59"
"2015-04-14","82319.71"
"2015-04-15","81357.53"
"2015-04-16","82436.68"
"2015-04-17","82417.73"
"2015-04-20","82302.56"
"2015-04-21","84277.65"
"2015-04-22","83780.35"
"2015-04-24","85551.31"
"2015-04-27","86401.85"
"2015-04-28","86209.46"
"2015-04-29","85978.44"
"2015-04-30","83947.04"
"2015-05-04","84018.92"
"2015-05-05","83380.67"
"2015-05-06","82441.37"
"2015-05-07","82570.23"
"2015-05-08","84059.89"
"2015-05-11","84752.83"
"2015-05-12","85363.47"
"2015-05-13","86417.48"
"2015-05-14","87243.66"
"2015-05-15","87604.89"
"2015-05-18","88651.88"
"2015-05-20","87791.06"
"2015-05-21","86565.03"
"2015-05-22","85803.92"
"2015-05-25","84567.03"
"2015-05-26","83649.42"
"2015-05-27","84292.05"
"2015-05-28","83569.62"
"2015-05-29","82981.15"
"2015-06-01","80429.08"
"2015-06-02","81420.24"
"2015-06-03","83393.57"
"2015-06-04","82499.02"
"2015-06-05","81943.42"
"2015-06-08","77805.41"
"2015-06-09","78146.25"
"2015-06-10","79747.89"
"2015-06-11","80845.24"
"2015-06-12","80532.51"
"2015-06-15","78951.38"
"2015-06-16","80183.75"
"2015-06-17","80713.26"
"2015-06-18","81932.45"
"2015-06-19","82454.38"
"2015-06-22","83426.18"
"2015-06-23","83068.46"
"2015-06-24","84140.65"
"2015-06-25","83277.09"
"2015-06-26","83546.06"
"2015-06-29","81756.19"
"2015-06-30","82249.53"
"2015-07-01","81681.71"
"2015-07-02","81879.96"
"2015-07-03","81216.98"
"2015-07-06","82365.85"
"2015-07-07","81572.27"
"2015-07-08","80386.59"
"2015-07-09","82286.34"
"2015-07-10","82791.85"
"2015-07-13","83388.32"
"2015-07-14","83041.13"
"2015-07-15","82727.86"
"2015-07-16","82789.78"
"2015-07-20","81319.97"
"2015-07-21","81583.62"
"2015-07-22","81222.38"
"2015-07-23","78336.57"
"2015-07-24","78712.07"
"2015-07-27","77351.98"
"2015-07-28","78024.02"
"2015-07-29","78079.76"
"2015-07-30","78271.49"
"2015-07-31","79909.68"
"2015-08-03","78164.09"
"2015-08-04","78234.86"
"2015-08-05","78134.32"
"2015-08-06","78803.08"
"2015-08-07","78427.06"
"2015-08-10","77495.29"
"2015-08-11","79719.99"
"2015-08-12","78174.81"
"2015-08-13","77085.50"
"2015-08-14","77308.95"
"2015-08-17","76922.44"
"2015-08-18","75960.11"
"2015-08-19","75299.59"
"2015-08-20","74681.84"
"2015-08-21","73797.77"
"2015-08-24","71341.95"
"2015-08-25","73509.71"
"2015-08-26","73615.91"
"2015-08-27","74813.48"
"2015-08-28","74641.60"
"2015-08-31","75210.37"
"2015-09-01","73569.66"
"2015-09-02","73656.12"
"2015-09-03","74004.13"
"2015-09-04","72950.11"
"2015-09-07","71865.82"
"2015-09-08","72051.79"
"2015-09-09","72003.34"
"2015-09-10","71846.52"
"2015-09-11","71350.87"
"2015-09-14","71299.43"
"2015-09-15","73173.35"
"2015-09-16","74149.46"
"2015-09-17","74980.56"
"2015-09-18","75099.03"
"2015-09-21","75860.70"
"2015-09-22","74993.71"
"2015-09-23","74610.20"
"2015-09-28","73314.99"
"2015-09-29","74257.65"
"2015-09-30","74205.47"
"2015-10-01","74530.96"
"2015-10-02","74396.65"
"2015-10-05","76902.54"
"2015-10-06","77258.59"
"2015-10-07","78698.17"
"2015-10-08","78661.03"
"2015-10-09","79214.93"
"2015-10-12","79300.09"
"2015-10-13","78358.61"
"2015-10-14","79380.24"
"2015-10-15","79263.26"
"2015-10-16","78483.55"
"2015-10-19","79734.54"
"2015-10-20","80496.48"
"2015-10-21","79765.28"
"2015-10-22","80255.91"
"2015-10-23","80124.84"
"2015-10-26","79262.26"
"2015-10-27","78662.51"
"2015-10-28","78536.29"
"2015-10-30","79409.00"
"2015-11-02","83693.61"
"2015-11-03","82913.85"
"2015-11-04","83684.07"
"2015-11-05","82955.67"
"2015-11-06","81930.21"
"2015-11-09","82050.14"
"2015-11-10","81174.10"
"2015-11-11","81717.99"
"2015-11-12","82143.43"
"2015-11-13","81878.75"
"2015-11-16","81046.42"
"2015-11-17","81152.85"
"2015-11-18","80514.17"
"2015-11-19","80441.20"
"2015-11-20","80681.67"
"2015-11-23","79744.79"
"2015-11-24","76242.98"
"2015-11-25","76836.52"
"2015-11-26","74997.64"
"2015-11-27","75638.43"
"2015-11-30","75232.79"
"2015-12-01","76785.45"
"2015-12-02","76394.96"
"2015-12-03","75452.84"
"2015-12-04","74265.30"
"2015-12-07","73908.89"
"2015-12-08","73100.86"
"2015-12-09","74583.74"
"2015-12-10","72354.16"
"2015-12-11","70280.34"
"2015-12-14","69308.74"
"2015-12-15","72156.79"
"2015-12-16","72831.78"
"2015-12-17","73711.88"
"2015-12-18","72460.35"
"2015-12-21","73328.16"
"2015-12-22","73102.10"
"2015-12-23","74044.89"
"2015-12-24","74050.35"
"2015-12-25","74189.53"
"2015-12-28","74243.17"
"2015-12-29","73912.61"
"2015-12-30","73200.69"
"2015-12-31","71726.99"
"2016-01-04","70518.35"
"2016-01-05","70688.10"
"2016-01-06","71197.94"
"2016-01-07","71495.93"
"2016-01-08","70613.20"
"2016-01-11","71048.98"
"2016-01-12","71740.41"
"2016-01-13","72508.72"
"2016-01-14","71940.56"
"2016-01-15","71062.00"
"2016-01-18","71039.68"
"2016-01-19","71073.16"
"2016-01-20","69603.95"
"2016-01-21","68567.89"
"2016-01-22","70243.91"
"2016-01-25","70539.01"
"2016-01-26","71808.91"
"2016-01-27","72052.86"
"2016-01-28","72427.41"
"2016-01-29","73481.09"
"2016-02-01","73447.67"
"2016-02-02","72506.16"
"2016-02-03","73267.44"
"2016-02-04","74505.36"
"2016-02-05","74203.54"
"2016-02-08","72005.24"
"2016-02-09","71415.16"
"2016-02-10","71614.22"
"2016-02-11","70941.65"
"2016-02-12","70937.40"
"2016-02-15","71008.09"
"2016-02-16","70949.22"
"2016-02-17","72805.12"
"2016-02-18","73446.47"
"2016-02-19","73015.42"
"2016-02-22","74893.90"
"2016-02-23","75499.76"
"2016-02-24","74067.21"
"2016-02-25","75201.89"
"2016-02-26","74929.02"
"2016-02-29","75814.41"
"2016-03-01","75955.43"
"2016-03-02","76787.95"
"2016-03-03","76828.32"
"2016-03-04","77191.14"
"2016-03-07","77483.85"
"2016-03-08","77682.88"
"2016-03-09","78738.19"
"2016-03-10","79024.69"
"2016-03-11","79380.18"
"2016-03-14","80110.88"
"2016-03-15","79031.07"
"2016-03-16","79369.24"
"2016-03-17","81377.13"
"2016-03-18","82943.44"
"2016-03-21","83402.73"
"2016-03-22","81766.14"
"2016-03-23","80383.69"
"2016-03-24","81358.38"
"2016-03-25","81356.45"
"2016-03-28","81344.55"
"2016-03-29","81733.62"
"2016-03-30","82917.75"
"2016-03-31","83268.04"
"2016-04-01","82359.44"
"2016-04-04","83872.91"
"2016-04-05","82964.08"
"2016-04-06","81511.27"
"2016-04-07","81164.66"
"2016-04-08","82502.11"
"2016-04-11","83987.53"
"2016-04-12","83719.80"
"2016-04-13","85696.67"
"2016-04-14","85784.95"
"2016-04-15","85573.25"
"2016-04-18","86343.65"
"2016-04-19","86250.97"
"2016-04-20","85550.21"
"2016-04-21","85670.80"
"2016-04-22","85828.66"
"2016-04-25","85109.37"
"2016-04-26","85756.42"
"2016-04-27","85374.19"
"2016-04-28","85477.83"
"2016-04-29","85327.80"
"2016-05-02","83829.85"
"2016-05-03","81069.75"
"2016-05-04","79382.62"
"2016-05-05","78698.84"
"2016-05-06","78368.06"
"2016-05-09","79062.10"
"2016-05-10","78802.38"
"2016-05-11","79027.81"
"2016-05-12","78304.21"
"2016-05-13","77808.43"
"2016-05-16","76999.70"
"2016-05-17","77277.19"
"2016-05-18","77243.88"
"2016-05-20","76357.74"
"2016-05-23","76765.85"
"2016-05-24","79434.60"
"2016-05-25","78609.06"
"2016-05-26","78035.63"
"2016-05-27","78028.90"
"2016-05-30","78535.24"
"2016-05-31","77803.41"
"2016-06-01","77034.93"
"2016-06-02","76272.10"
"2016-06-03","78139.49"
"2016-06-06","78592.83"
"2016-06-07","78157.62"
"2016-06-08","78832.65"
"2016-06-09","77711.73"
"2016-06-10","76887.29"
"2016-06-13","76534.23"
"2016-06-14","75759.53"
"2016-06-15","76237.35"
"2016-06-16","74671.68"
"2016-06-17","75430.53"
"2016-06-20","77523.09"
"2016-06-21","77531.37"
"2016-06-22","77267.46"
"2016-06-23","77989.87"
"2016-06-24","75366.00"
"2016-06-27","75161.24"
"2016-06-28","76929.34"
"2016-06-29","76711.97"
"2016-06-30","76817.19"
"2016-07-01","77952.11"
"2016-07-04","78387.70"
"2016-07-08","78019.48"
"2016-07-11","79234.95"
"2016-07-12","81141.57"
"2016-07-13","81321.74"
"2016-07-14","82589.76"
"2016-07-15","82825.36"
"2016-07-18","76957.61"
"2016-07-19","76177.82"
"2016-07-20","74902.84"
"2016-07-21","71594.98"
"2016-07-22","71738.43"
"2016-07-25","74174.01"
"2016-07-26","73689.43"
"2016-07-27","75075.70"
"2016-07-28","75244.06"
"2016-07-29","75405.53"
"2016-08-01","76711.68"
"2016-08-02","75803.92"
"2016-08-03","74552.15"
"2016-08-04","76125.64"
"2016-08-05","76065.69"
"2016-08-08","77779.10"
"2016-08-09","78524.89"
"2016-08-10","77955.65"
"2016-08-11","79033.57"
"2016-08-12","78228.56"
"2016-08-15","78472.57"
"2016-08-16","77707.13"
"2016-08-17","78147.82"
"2016-08-18","77970.93"
"2016-08-19","78145.59"
"2016-08-22","77953.27"
"2016-08-23","77333.61"
"2016-08-24","76116.31"
"2016-08-25","76789.89"
"2016-08-26","77119.65"
"2016-08-29","76118.84"
"2016-08-31","75967.63"
"2016-09-01","75852.80"
"2016-09-02","76884.32"
"2016-09-05","77791.60"
"2016-09-06","77994.79"
"2016-09-07","77643.18"
"2016-09-08","77843.49"
"2016-09-09","77053.54"
"2016-09-16","76020.29"
"2016-09-19","77670.75"
"2016-09-20","77313.46"
"2016-09-21","77915.89"
"2016-09-22","79795.94"
"2016-09-23","79756.44"
"2016-09-26","76725.73"
"2016-09-27","77160.67"
"2016-09-28","77677.78"
"2016-09-29","77076.80"
"2016-09-30","76488.38"
"2016-10-03","77225.39"
"2016-10-04","77057.77"
"2016-10-05","77853.65"
"2016-10-06","77894.72"
"2016-10-07","77975.99"
"2016-10-10","77835.29"
"2016-10-11","77643.59"
"2016-10-12","77461.27"
"2016-10-13","76810.31"
"2016-10-14","77554.21"
"2016-10-17","77437.58"
"2016-10-18","78340.39"
"2016-10-19","79209.85"
"2016-10-20","79252.41"
"2016-10-21","78843.66"
"2016-10-24","79932.55"
"2016-10-25","79433.31"
"2016-10-26","79397.94"
"2016-10-27","78739.17"
"2016-10-28","78332.87"
"2016-10-31","78536.17"
"2016-11-01","77428.56"
"2016-11-02","77171.59"
"2016-11-03","76681.37"
"2016-11-04","74267.17"
"2016-11-07","75681.96"
"2016-11-08","76367.79"
"2016-11-09","76208.97"
"2016-11-10","76360.36"
"2016-11-11","75174.17"
"2016-11-14","74419.10"
"2016-11-15","75150.56"
"2016-11-16","74759.06"
"2016-11-17","75136.22"
"2016-11-18","75638.96"
"2016-11-21","75543.57"
"2016-11-22","75811.99"
"2016-11-23","75036.90"
"2016-11-24","74193.07"
"2016-11-25","74363.45"
"2016-11-28","74990.23"
"2016-11-29","74205.48"
"2016-11-30","73995.20"
"2016-12-01","72519.85"
"2016-12-02","73390.94"
"2016-12-05","73599.70"
"2016-12-06","75433.34"
"2016-12-07","76030.78"
"2016-12-08","75929.32"
"2016-12-09","75727.28"
"2016-12-12","76239.63"
"2016-12-13","76995.27"
"2016-12-14","76880.85"
"2016-12-15","77678.59"
"2016-12-16","77589.65"
"2016-12-19","77157.79"
"2016-12-20","77807.89"
"2016-12-21","77619.47"
"2016-12-22","77404.74"
"2016-12-23","76972.15"
"2016-12-26","77028.47"
"2016-12-27","76699.41"
"2016-12-28","77547.71"
"2016-12-29","77835.85"
"2016-12-30","78138.66"
"2017-01-02","77754.46"
"2017-01-03","76618.20"
"2017-01-04","76143.59"
"2017-01-05","76386.30"
"2017-01-06","77106.57"
"2017-01-09","77394.44"
"2017-01-10","77393.69"
"2017-01-11","77666.58"
"2017-01-12","80891.04"
"2017-01-13","81524.32"
"2017-01-16","81711.69"
"2017-01-17","82362.77"
"2017-01-18","82779.25"
"2017-01-19","82300.32"
"2017-01-20","83067.15"
"2017-01-23","83047.80"
"2017-01-24","84207.89"
"2017-01-25","83128.26"
"2017-01-26","83826.54"
"2017-01-27","83827.39"
"2017-01-30","86237.54"
"2017-01-31","86295.72"
"2017-02-01","86847.96"
"2017-02-02","87394.19"
"2017-02-03","88389.50"
"2017-02-06","87357.86"
"2017-02-07","87476.73"
"2017-02-08","88249.08"
"2017-02-09","88830.21"
"2017-02-10","87473.33"
"2017-02-13","88578.31"
"2017-02-14","88082.21"
"2017-02-15","87881.97"
"2017-02-16","88186.86"
"2017-02-17","88830.41"
"2017-02-20","88587.66"
"2017-02-21","88965.14"
"2017-02-22","88531.28"
"2017-02-23","89138.37"
"2017-02-24","88258.45"
"2017-02-27","87765.41"
"2017-02-28","87478.33"
"2017-03-01","89320.25"
"2017-03-02","89933.88"
"2017-03-03","89722.05"
"2017-03-06","91044.99"
"2017-03-07","90813.61"
"2017-03-08","89484.90"
"2017-03-09","89002.56"
"2017-03-10","89611.40"
"2017-03-13","89429.73"
"2017-03-14","89136.53"
"2017-03-15","89445.55"
"2017-03-16","90268.32"
"2017-03-17","90491.39"
"2017-03-20","90902.11"
"2017-03-21","90606.46"
"2017-03-22","89809.09"
"2017-03-23","89764.11"
"2017-03-24","90382.71"
"2017-03-27","89695.05"
"2017-03-28","90181.73"
"2017-03-29","89269.72"
"2017-03-30","89282.25"
"2017-03-31","88947.40"
"2017-04-03","88669.47"
"2017-04-04","88612.55"
"2017-04-05","89037.45"
"2017-04-06","88679.04"
"2017-04-07","88497.33"
"2017-04-10","91240.45"
"2017-04-11","90904.49"
"2017-04-12","90952.16"
"2017-04-13","89870.68"
"2017-04-14","90063.69"
"2017-04-17","90653.80"
"2017-04-18","91373.78"
"2017-04-19","90804.13"
"2017-04-20","92039.38"
"2017-04-21","92423.93"
"2017-04-24","93802.81"
"2017-04-25","94634.91"
"2017-04-26","94522.34"
"2017-04-27","94282.48"
"2017-04-28","94655.31"
"2017-05-02","94355.91"
"2017-05-03","93862.74"
"2017-05-04","93038.49"
"2017-05-05","93928.39"
"2017-05-08","93832.70"
"2017-05-09","95323.38"
"2017-05-10","96194.20"
"2017-05-11","95114.06"
"2017-05-12","94996.35"
"2017-05-15","95587.75"
"2017-05-16","96161.50"
"2017-05-17","95724.95"
"2017-05-18","95147.34"
"2017-05-22","96400.03"
"2017-05-23","97717.48"
"2017-05-24","98313.77"
"2017-05-25","97712.94"
"2017-05-26","97533.28"
"2017-05-29","97725.95"
"2017-05-30","97347.63"
"2017-05-31","97541.58"
"2017-06-01","97365.79"
"2017-06-02","98867.90"
"2017-06-05","98191.97"
"2017-06-06","98331.54"
"2017-06-07","97616.52"
"2017-06-08","97977.54"
"2017-06-09","98942.87"
"2017-06-12","99442.11"
"2017-06-13","99299.67"
"2017-06-14","99636.27"
"2017-06-15","98737.01"
"2017-06-16","98192.55"
"2017-06-19","99332.13"
"2017-06-20","99269.27"
"2017-06-21","99390.12"
"2017-06-22","100072.15"
"2017-06-23","99638.65"
"2017-06-28","100617.69"
"2017-06-29","100190.32"
"2017-06-30","100440.39"
"2017-07-03","100522.30"
"2017-07-04","101207.79"
"2017-07-05","100744.45"
"2017-07-06","100627.01"
"2017-07-07","100084.37"
"2017-07-10","101097.16"
"2017-07-11","103182.64"
"2017-07-12","103809.78"
"2017-07-13","104210.22"
"2017-07-14","105175.73"
"2017-07-17","106217.00"
"2017-07-18","105718.31"
"2017-07-19","107417.52"
"2017-07-20","106735.56"
"2017-07-21","106842.79"
"2017-07-24","106710.52"
"2017-07-25","107040.67"
"2017-07-26","107206.16"
"2017-07-27","108391.71"
"2017-07-28","107699.72"
"2017-07-31","107531.44"
"2017-08-01","106147.43"
"2017-08-02","106525.44"
"2017-08-03","107153.78"
"2017-08-04","108545.31"
"2017-08-07","109781.13"
"2017-08-08","109639.12"
"2017-08-09","108714.58"
"2017-08-10","107800.42"
"2017-08-11","106963.10"
"2017-08-14","109537.36"
"2017-08-15","106913.26"
"2017-08-16","106861.99"
"2017-08-17","106825.33"
"2017-08-18","107202.43"
"2017-08-21","108614.87"
"2017-08-22","108594.45"
"2017-08-23","108952.73"
"2017-08-24","109153.91"
"2017-08-25","109755.14"
"2017-08-28","110339.99"
"2017-08-29","110423.11"
"2017-08-31","110010.49"
"2017-09-05","108872.99"
"2017-09-06","109611.79"
"2017-09-07","109742.95"
"2017-09-08","108451.70"
"2017-09-11","109458.01"
"2017-09-12","109129.65"
"2017-09-13","108155.53"
"2017-09-14","108244.22"
"2017-09-15","107741.70"
"2017-09-18","106534.60"
"2017-09-19","104917.77"
"2017-09-20","105323.67"
"2017-09-21","104001.20"
"2017-09-22","104122.85"
"2017-09-25","102270.17"
"2017-09-26","103929.33"
"2017-09-27","101218.30"
"2017-09-28","102651.10"
"2017-09-29","102907.73"
"2017-10-02","103930.67"
"2017-10-03","103907.57"
"2017-10-04","104547.86"
"2017-10-05","104334.31"
"2017-10-06","104137.48"
"2017-10-09","101298.00"
"2017-10-10","103394.00"
"2017-10-11","103816.04"
"2017-10-12","105932.25"
"2017-10-13","106225.69"
"2017-10-16","106474.46"
"2017-10-17","106990.87"
"2017-10-18","106926.39"
"2017-10-19","108433.55"
"2017-10-20","108488.69"
"2017-10-23","107303.25"
"2017-10-24","107206.31"
"2017-10-25","108354.83"
"2017-10-26","107334.78"
"2017-10-27","107884.03"
"2017-10-30","108466.78"
"2017-10-31","110142.60"
"2017-11-01","113024.27"
"2017-11-02","112994.86"
"2017-11-03","111292.78"
"2017-11-06","114165.67"
"2017-11-07","112271.86"
"2017-11-08","111894.54"
"2017-11-09","110246.46"
"2017-11-10","108949.35"
"2017-11-13","108859.62"
"2017-11-14","110148.45"
"2017-11-15","107716.51"
"2017-11-16","106976.67"
"2017-11-17","106239.46"
"2017-11-20","103911.94"
"2017-11-21","105267.80"
"2017-11-22","105963.60"
"2017-11-23","105026.11"
"2017-11-24","104539.41"
"2017-11-27","104759.74"
"2017-11-28","102068.03"
"2017-11-29","102341.83"
"2017-11-30","103984.39"
"2017-12-01","103558.98"
"2017-12-04","105214.87"
"2017-12-05","106259.99"
"2017-12-06","105303.94"
"2017-12-07","106447.54"
"2017-12-08","107921.34"
"2017-12-11","109156.47"
"2017-12-12","109049.50"
"2017-12-13","108153.16"
"2017-12-14","109666.44"
"2017-12-15","109330.17"
"2017-12-18","110247.89"
"2017-12-19","110177.11"
"2017-12-20","110454.67"
"2017-12-21","111271.95"
"2017-12-22","111099.47"
"2017-12-25","111765.00"
"2017-12-26","112006.65"
"2017-12-27","112149.71"
"2017-12-28","114480.45"
"2017-12-29","115333.01"
"2018-01-02","117524.20"
"2018-01-03","116052.15"
"2018-01-04","115491.19"
"2018-01-05","116637.94"
"2018-01-08","116304.51"
"2018-01-09","115022.81"
"2018-01-10","113589.45"
"2018-01-11","114718.80"
"2018-01-12","114644.62"
"2018-01-15","112159.21"
"2018-01-16","114418.36"
"2018-01-17","116592.51"
"2018-01-18","116856.02"
"2018-01-19","115147.06"
"2018-01-22","117235.47"
"2018-01-23","118400.06"
"2018-01-24","119648.37"
"2018-01-25","118604.05"
"2018-01-26","120701.92"
"2018-01-29","120845.29"
"2018-01-30","119303.10"
"2018-01-31","119528.79"
"2018-02-01","119044.38"
"2018-02-02","118119.40"
"2018-02-05","116852.68"
"2018-02-06","115457.30"
"2018-02-07","115570.19"
"2018-02-08","114263.53"
"2018-02-09","113590.27"
"2018-02-12","114821.60"
"2018-02-13","114494.50"
"2018-02-14","113454.95"
"2018-02-15","116225.60"
"2018-02-16","116510.97"
"2018-02-19","115881.96"
"2018-02-20","113432.85"
"2018-02-21","116315.98"
"2018-02-22","116840.94"
"2018-02-23","117521.50"
"2018-02-26","118791.91"
"2018-02-27","118831.60"
"2018-02-28","118950.76"
"2018-03-01","117632.07"
"2018-03-02","116859.19"
"2018-03-05","116946.22"
"2018-03-06","116709.93"
"2018-03-07","116842.44"
"2018-03-08","116567.08"
"2018-03-09","116914.52"
"2018-03-12","118411.44"
"2018-03-13","118266.86"
"2018-03-14","117592.67"
"2018-03-15","117201.54"
"2018-03-16","117216.28"
"2018-03-19","115450.26"
"2018-03-20","116431.78"
"2018-03-21","117651.30"
"2018-03-22","117110.25"
"2018-03-23","116602.82"
"2018-03-26","116420.34"
"2018-03-27","116196.54"
"2018-03-28","114129.30"
"2018-03-29","114844.56"
"2018-03-30","114930.22"
"2018-04-02","114442.10"
"2018-04-03","114594.06"
"2018-04-04","113975.62"
"2018-04-05","114947.58"
"2018-04-06","114737.54"
"2018-04-09","113156.08"
"2018-04-10","110712.70"
"2018-04-11","109253.20"
"2018-04-12","110235.41"
"2018-04-13","109604.01"
"2018-04-16","110687.74"
"2018-04-17","108744.79"
"2018-04-18","112099.01"
"2018-04-19","112122.15"
"2018-04-20","110932.48"
"2018-04-24","110058.62"
"2018-04-25","107401.38"
"2018-04-26","107015.13"
"2018-04-27","107614.27"
"2018-04-30","104282.78"
"2018-05-02","104725.74"
"2018-05-03","102909.13"
"2018-05-04","102599.22"
"2018-05-07","100866.24"
"2018-05-08","99363.79"
"2018-05-09","100780.57"
"2018-05-10","102380.68"
"2018-05-11","101852.48"
"2018-05-14","103370.42"
"2018-05-15","101540.39"
"2018-05-16","102157.88"
"2018-05-17","101869.35"
"2018-05-18","102410.30"
"2018-05-21","102257.65"
"2018-05-22","103327.74"
"2018-05-23","101891.68"
"2018-05-24","101138.08"
"2018-05-25","103200.08"
"2018-05-28","106525.25"
"2018-05-29","105113.38"
"2018-05-30","103869.02"
"2018-05-31","100652.27"
"2018-06-01","99171.21"
"2018-06-04","99249.80"
"2018-06-05","97823.15"
"2018-06-06","96657.71"
"2018-06-07","98623.65"
"2018-06-08","95875.71"
"2018-06-11","96661.36"
"2018-06-12","95306.98"
"2018-06-13","93504.76"
"2018-06-14","94540.84"
"2018-06-18","93043.28"
"2018-06-19","94436.87"
"2018-06-20","94551.86"
"2018-06-21","95057.23"
"2018-06-22","95852.11"
"2018-06-25","94008.29"
"2018-06-26","94408.19"
"2018-06-27","95954.80"
"2018-06-28","96226.99"
"2018-06-29","96520.07"
"2018-07-02","96773.49"
"2018-07-03","96588.20"
"2018-07-04","97230.07"
"2018-07-05","99097.00"
"2018-07-06","98733.89"
"2018-07-09","99252.84"
"2018-07-10","96274.69"
"2018-07-11","91289.47"
"2018-07-12","89571.25"
"2018-07-13","89897.67"
"2018-07-16","89744.01"
"2018-07-17","91629.55"
"2018-07-18","92321.95"
"2018-07-19","93002.93"
"2018-07-20","94082.34"
"2018-07-23","95305.15"
"2018-07-24","92133.82"
"2018-07-25","95368.59"
"2018-07-26","94817.26"
"2018-07-27","95584.84"
"2018-07-30","96157.74"
"2018-07-31","96952.23"
"2018-08-01","97210.57"
"2018-08-02","94543.27"
"2018-08-03","95610.48"
"2018-08-06","94173.97"
"2018-08-07","96161.04"
"2018-08-08","96973.85"
"2018-08-09","97185.13"
"2018-08-10","94939.63"
"2018-08-13","92684.55"
"2018-08-14","93418.65"
"2018-08-15","90262.95"
"2018-08-16","87143.21"
"2018-08-17","88734.76"
"2018-08-20","90185.99"
"2018-08-27","91284.04"
"2018-08-28","93866.94"
"2018-08-29","93280.71"
"2018-08-31","92723.40"
"2018-09-03","93915.55"
"2018-09-04","93189.27"
"2018-09-05","92790.99"
"2018-09-06","92763.31"
"2018-09-07","93274.15"
"2018-09-10","91698.34"
"2018-09-11","92389.11"
"2018-09-12","92227.37"
"2018-09-13","94419.15"
"2018-09-14","94759.64"
"2018-09-17","94347.66"
"2018-09-18","94886.87"
"2018-09-19","96603.75"
"2018-09-20","96121.10"
"2018-09-21","97988.16"
"2018-09-24","99547.44"
"2018-09-25","99292.47"
"2018-09-26","99148.85"
"2018-09-27","100298.73"
"2018-09-28","99956.90"
"2018-10-01","98537.15"
"2018-10-02","98160.73"
"2018-10-03","97187.87"
"2018-10-04","94496.80"
"2018-10-05","94883.47"
"2018-10-08","96087.27"
"2018-10-09","96731.76"
"2018-10-10","94440.69"
"2018-10-11","94747.53"
"2018-10-12","96657.42"
"2018-10-15","98631.27"
"2018-10-16","98466.42"
"2018-10-17","98991.01"
"2018-10-18","97453.96"
"2018-10-19","96454.57"
"2018-10-22","94681.70"
"2018-10-23","93468.99"
"2018-10-24","92692.17"
"2018-10-25","93747.65"
"2018-10-26","90541.53"
"2018-10-30","89999.90"
"2018-10-31","90200.71"
"2018-11-01","92387.41"
"2018-11-02","94123.02"
"2018-11-05","95947.73"
"2018-11-06","94727.67"
"2018-11-07","95493.30"
"2018-11-08","93506.22"
"2018-11-09","92839.21"
"2018-11-12","91445.28"
"2018-11-13","92708.56"
"2018-11-14","93287.16"
"2018-11-15","93296.84"
"2018-11-16","93616.45"
"2018-11-19","94570.90"
"2018-11-20","91686.35"
"2018-11-21","92707.95"
"2018-11-22","92628.80"
"2018-11-23","93003.27"
"2018-11-26","93962.35"
"2018-11-27","93516.96"
"2018-11-28","94070.97"
"2018-11-29","95125.57"
"2018-11-30","95416.03"
"2018-12-03","94974.45"
"2018-12-04","93880.49"
"2018-12-05","93970.16"
"2018-12-06","92827.29"
"2018-12-07","93699.49"
"2018-12-10","92227.32"
"2018-12-11","91800.86"
"2018-12-12","90051.10"
"2018-12-13","91386.52"
"2018-12-14","90528.64"
"2018-12-17","89961.91"
"2018-12-18","91074.11"
"2018-12-19","92552.71"
"2018-12-20","91854.08"
"2018-12-21","91860.75"
"2018-12-24","91526.90"
"2018-12-25","90829.57"
"2018-12-26","91002.17"
"2018-12-27","90974.79"
"2018-12-28","90435.33"
"2018-12-31","91270.48"
"2019-01-02","88865.01"
"2019-01-03","87399.02"
"2019-01-04","88830.82"
"2019-01-07","89951.09"
"2019-01-08","90696.97"
"2019-01-09","91156.88"
"2019-01-10","91196.31"
"2019-01-11","91687.04"
"2019-01-14","92053.84"
"2019-01-15","93173.27"
"2019-01-16","95411.49"
"2019-01-17","96817.36"
"2019-01-18","98454.88"
"2019-01-21","97955.16"
"2019-01-22","99677.11"
"2019-01-23","100141.04"
"2019-01-24","101774.29"
"2019-01-25","101801.42"
"2019-01-28","101289.75"
"2019-01-29","104098.37"
"2019-01-30","104189.45"
"2019-01-31","104074.22"
"2019-02-01","102937.14"
"2019-02-04","102255.01"
"2019-02-05","102448.42"
"2019-02-06","102584.26"
"2019-02-07","102784.03"
"2019-02-08","102451.74"
"2019-02-11","104394.73"
"2019-02-12","103762.46"
"2019-02-13","101645.82"
"2019-02-14","102129.99"
"2019-02-15","102715.01"
"2019-02-18","101728.51"
"2019-02-19","101742.14"
"2019-02-20","101971.29"
"2019-02-21","102494.03"
"2019-02-22","103185.70"
"2019-02-25","104330.06"
"2019-02-26","105082.31"
"2019-02-27","104141.04"
"2019-02-28","104529.93"
"2019-03-01","103266.58"
"2019-03-04","104193.33"
"2019-03-05","103730.59"
"2019-03-06","103452.85"
"2019-03-07","102282.68"
"2019-03-08","101538.28"
"2019-03-11","100850.42"
"2019-03-12","101721.05"
"2019-03-13","102196.57"
"2019-03-14","102432.29"
"2019-03-15","103304.05"
"2019-03-18","104594.66"
"2019-03-19","104861.64"
"2019-03-20","103310.21"
"2019-03-21","103407.79"
"2019-03-22","99835.31"
"2019-03-25","99325.92"
"2019-03-26","97378.58"
"2019-03-27","91855.14"
"2019-03-28","92120.33"
"2019-03-29","93784.18"
"2019-04-01","94101.28"
"2019-04-02","93533.12"
"2019-04-03","94441.10"
"2019-04-04","98336.85"
"2019-04-05","98783.36"
"2019-04-08","96978.32"
"2019-04-09","98135.30"
"2019-04-10","97015.02"
"2019-04-11","96072.99"
"2019-04-12","95976.82"
"2019-04-15","95191.67"
"2019-04-16","96809.00"
"2019-04-17","98203.20"
"2019-04-18","96886.48"
"2019-04-19","96861.42"
"2019-04-22","95952.77"
"2019-04-24","96142.18"
"2019-04-25","94498.54"
"2019-04-26","94783.14"
"2019-04-29","94535.10"
"2019-04-30","95415.57"
"2019-05-02","94179.37"
"2019-05-03","93946.08"
"2019-05-06","92982.27"
"2019-05-07","91482.45"
"2019-05-08","90272.19"
"2019-05-09","88685.88"
"2019-05-10","88533.40"
"2019-05-13","86282.54"
"2019-05-14","88022.94"
"2019-05-15","87380.43"
"2019-05-16","87203.85"
"2019-05-17","86796.06"
"2019-05-20","86771.47"
"2019-05-21","85309.58"
"2019-05-22","83675.33"
"2019-05-23","84596.16"
"2019-05-24","86072.28"
"2019-05-27","85545.40"
"2019-05-28","86777.63"
"2019-05-29","87186.30"
"2019-05-30","90011.62"
"2019-05-31","90589.73"
"2019-06-03","90345.63"
"2019-06-07","93809.09"
"2019-06-10","94103.07"
"2019-06-11","92825.57"
"2019-06-12","92605.84"
"2019-06-13","90501.48"
"2019-06-14","90787.01"
"2019-06-17","92249.80"
"2019-06-18","94218.70"
"2019-06-19","94244.06"
"2019-06-20","94157.69"
"2019-06-21","94022.28"
"2019-06-24","95182.49"
"2019-06-25","95421.05"
"2019-06-26","94831.19"
"2019-06-27","95573.12"
"2019-06-28","96485.32"
"2019-07-01","99735.68"
"2019-07-02","100200.97"
"2019-07-03","99363.32"
"2019-07-04","99382.20"
"2019-07-05","99634.78"
"2019-07-08","98695.44"
"2019-07-09","96811.22"
"2019-07-10","98585.29"
"2019-07-11","99406.44"
"2019-07-12","97098.34"
"2019-07-16","98028.49"
"2019-07-17","99806.17"
"2019-07-18","101566.25"
"2019-07-19","101849.19"
"2019-07-22","101088.73"
"2019-07-23","102556.15"
"2019-07-24","103457.26"
"2019-07-25","102044.99"
"2019-07-26","102837.19"
"2019-07-29","103373.07"
"2019-07-30","102686.11"
"2019-07-31","102082.48"
"2019-08-01","101900.25"
"2019-08-02","99679.44"
"2019-08-05","98673.28"
